ID	reference	variant	score	P	c2	c10	c20
6:32598028	C	A	0.102694	4.596e-11	34.443524245777	10.4403139799838	8.04841394069049
6:32598992	C	G	0.054891	4.464e-11	34.4377630165939	10.4051668140705	8.01033849050018
6:32607969	T	G	0.071739	4.767e-11	34.3598664183534	10.393493848073	8.00526465465276
6:32606164	G	A	0.078896	4.983e-11	34.3030904697395	10.3814051128289	7.99762896324045
6:32598128	T	C	0.161327	5.346e-11	34.28407620618	10.4332980455795	8.05658773942452
6:32598107	T	C	0.087375	5.346e-11	34.21012420618	10.3593460455795	7.98263573942452
6:32597023	C	T	0.10106	5.479e-11	34.1883564401171	10.3623586995653	7.98811774176131
6:32597459	T	C	0.098166	5.479e-11	34.1854624401171	10.3594646995653	7.98522374176131
6:32597092	T	C	0.093136	5.479e-11	34.1804324401171	10.3544346995653	7.98019374176131
6:32597377	G	C	0.092859	5.479e-11	34.1801554401171	10.3541576995653	7.97991674176131
6:32598310	G	A	0.077277	5.479e-11	34.1645734401171	10.3385756995653	7.96433474176131
6:32598324	G	A	0.067259	5.479e-11	34.1545554401171	10.3285576995653	7.95431674176131
6:32598529	C	T	0.060139	5.479e-11	34.1474354401171	10.3214376995653	7.94719674176131
6:32607548	G	A	0.106567	5.699e-11	34.1370672510815	10.3507683430262	7.98048334102797
6:32607614	C	G	0.101464	5.78e-11	34.111603551035	10.3395361615795	7.97066931863254
6:32598300	G	A	0.250048	6.921e-11	34.0002765390189	10.4098791507592	8.05911557309171
6:32601187	T	G	0.076176	6.239e-11	33.9760702343295	10.2810610143696	7.91987295424399
6:32600179	C	T	0.067525	6.239e-11	33.9674192343295	10.2724100143696	7.91122195424399
6:32598189	T	A	0.06701	6.37e-11	33.9369256712794	10.2628705676646	7.90377056789236
6:32598163	A	G	0.065894	6.37e-11	33.9358096712794	10.2617545676646	7.90265456789236
6:32598169	G	T	0.058348	6.37e-11	33.9282636712794	10.2542085676646	7.89510856789235
6:32607716	G	C	0.087805	6.627e-11	33.9006581243466	10.2664880294089	7.91136253774471
6:32608669	T	C	0.079328	6.622e-11	33.8932700330261	10.258338823584	7.90313748748925
6:32598295	C	T	0.136876	6.921e-11	33.8871045390189	10.2967071507592	7.94594357309171
6:32597506	A	G	0.091085	6.951e-11	33.8350734988371	10.2490377114904	7.89870876374439
6:32598299	T	C	0.078363	6.921e-11	33.8285915390189	10.2381941507592	7.88743057309171
6:32603389	G	A	0.091085	7.446e-11	33.7358284275716	10.2191619681176	7.87574561649006
6:32601130	A	T	0.076176	7.446e-11	33.7209194275716	10.2042529681176	7.86083661649006
6:32601133	A	T	0.067753	7.446e-11	33.7124964275716	10.1958299681176	7.85241361649006
6:32608337	C	A	0.09528	7.733e-11	33.6854608307132	10.206931989822	7.86731602032363
6:32598872	C	T	0.061979	8.008e-11	33.6017460695871	10.1584549355287	7.82235037435559
6:32606394	C	G	0.101714	9.019e-11	33.4699555631649	10.1465556130742	7.8223981091683
6:32606427	A	G	0.082143	9.019e-11	33.4503845631649	10.1269846130742	7.8028271091683
6:32606413	G	A	0.067505	9.019e-11	33.4357465631649	10.1123466130742	7.7881891091683
6:32599980	A	G	0.061678	1.007e-10	33.2708952655289	10.0586485294464	7.74556735133231
6:32446053	C	G	0.071145	3.015e-10	31.6982679467483	9.59185768352383	7.38897219480263
6:32445682	A	G	0.076231	3.121e-10	31.6535035916165	9.58193723133467	7.38252390870686
6:32444703	A	G	0.196108	3.771e-10	31.500441798394	9.61965146759438	7.43924881842907
6:32444762	G	A	0.111909	3.771e-10	31.416242798394	9.53545246759438	7.35504981842907
6:32446496	T	C	0.094898	3.749e-10	31.4076731232476	9.52098255957845	7.33999195709039
6:32445373	A	G	0.096222	3.771e-10	31.400555798394	9.51976546759438	7.33936281842907
6:32445482	G	A	0.091198	3.771e-10	31.395531798394	9.51474146759438	7.33433881842907
6:32444621	T	C	0.027211	3.771e-10	31.331544798394	9.45075446759438	7.27035181842907
6:32443164	C	T	0.044464	7.726e-10	30.3140232713038	9.1565092961912	7.04818053732769
6:32446112	A	C	0.104733	1.629e-09	29.2980992501228	8.89281191569149	6.85944191907184
6:32607881	C	G	0.052991	1.973e-09	28.9699528979248	8.75786391474781	6.74374597395068
6:32453294	G	A	0.067285	2.527e-09	28.6272121897036	8.66467975808009	6.67542992112644
6:32598244	G	T	0.095682	2.893e-09	28.4604685307187	8.63433356635202	6.65867562413571
6:32459377	T	G	0.077155	2.964e-09	28.4069624063425	8.60527680069271	6.63205521683964
6:32459378	C	A	0.071062	2.964e-09	28.4008694063425	8.59918380069271	6.62596221683964
6:32453854	A	G	0.085982	3.047e-09	28.3759453539619	8.60210954577733	6.63166317119476
6:32454021	G	T	0.074032	3.047e-09	28.3639953539619	8.59015954577733	6.61971317119476
6:32222064	T	G	0.035752	3.023e-09	28.3371238750206	8.55531385282218	6.58407285441214
6:32601190	T	C	0.076176	3.605e-09	28.1235295945202	8.51927073094455	6.56572255856002
6:32606528	A	G	0.083846	3.758e-09	28.0712337872283	8.50888922423549	6.55951777721815
6:32441528	A	G	0.033944	5.373e-09	27.5055690159412	8.30372715943131	6.39027950878342
6:32652509	T	C	0.116932	5.752e-09	27.490221178209	8.35711312262517	6.45051473835938
6:32652506	C	T	0.115018	5.752e-09	27.488307178209	8.35519912262517	6.44860073835938
6:32450450	G	A	0.061777	5.909e-09	27.3962158550742	8.29026301002033	6.38637062001175
6:32636347	G	A	0.017309	5.89e-09	27.3563942199305	8.2471937052129	6.34297768760991
6:32608761	C	T	0.082913	7.242e-09	27.1238776771722	8.22305447951901	6.33960308912026
6:32608944	A	G	0.095919	8.433e-09	26.9172258995468	8.1699368996729	6.30178506502667
6:32608949	T	C	0.091095	8.433e-09	26.9124018995468	8.1651128996729	6.29696106502667
6:32624899	G	A	0.069916	8.683e-09	26.8490752701467	8.13124619897732	6.26603002184714
6:32456331	C	T	0.07111	9.568e-09	26.7102454644502	8.09028883335566	6.23482556388527
6:32624365	C	T	0.07987	9.932e-09	26.6651385924715	8.08283328911747	6.23112194329832
6:32603205	A	G	0.099315	1.096e-08	26.5424919608005	8.05950444585165	6.21769003545732
6:32603383	G	A	0.097764	1.096e-08	26.5409409608005	8.05795344585165	6.21613903545732
6:32603204	C	T	0.091431	1.096e-08	26.5346079608005	8.05162044585165	6.20980603545732
6:32603202	A	G	0.08887	1.096e-08	26.5320469608005	8.04905944585165	6.20724503545732
6:32444056	C	T	0.023526	1.157e-08	26.3885618946535	7.96019264104825	6.12382089519784
6:32603182	T	C	0.074614	1.319e-08	26.2505941945094	7.95436920445364	6.13116552511084
6:32601795	A	G	0.070461	1.319e-08	26.2464411945094	7.95021620445363	6.12701252511084
6:32601786	T	C	0.062206	1.319e-08	26.2381861945094	7.94196120445363	6.11875752511084
6:32444794	T	A	0.098478	1.353e-08	26.2377409197844	7.96718020340238	6.14653394769288
6:32445540	T	G	0.065027	1.353e-08	26.2042899197845	7.93372920340238	6.11308294769288
6:32444069	G	C	0.012305	1.346e-08	26.1590513491507	7.88325994011204	6.06209245020794
6:32601945	T	G	0.072401	1.507e-08	26.0561463421632	7.89428774768537	6.08447356846793
6:32602015	C	T	0.060074	1.507e-08	26.0438193421632	7.88196074768537	6.07214656846793
6:32457111	C	T	0.066973	1.58e-08	25.9824732006965	7.86831591304558	6.06325512957854
6:32438471	A	C	0.074415	1.599e-08	25.9726698202807	7.87056653625377	6.06670692427266
6:32441279	G	A	0.025991	1.806e-08	25.7486178662801	7.76927325402251	5.97764644209511
6:32434112	G	A	0.084342	2.17e-08	25.5420717164291	7.74788226615147	5.97470601289148
6:32606157	C	T	0.085513	2.729e-08	25.2125653644868	7.6495094643301	5.89936547806667
6:32606100	T	C	0.084133	2.729e-08	25.2111853644868	7.6481294643301	5.89798547806667
6:32608141	A	T	0.171804	3.183e-08	25.0768416021251	7.668967361379	5.93428709905631
6:32442360	C	T	0.018867	2.997e-08	25.0107726752474	7.54218025705436	5.80144947859599
6:32608368	C	A	0.104013	3.183e-08	25.0090506021251	7.601176361379	5.86649609905631
6:32442799	C	T	0.015393	2.997e-08	25.0072986752474	7.53870625705436	5.79797547859599
6:32608242	T	C	0.094188	3.183e-08	24.9992256021251	7.591351361379	5.85667109905631
6:32608232	T	G	0.069168	3.183e-08	24.9742056021251	7.566331361379	5.83165109905631
6:32607958	A	G	0.060321	3.273e-08	24.9251321567162	7.545374994692	5.81349657599584
6:32596950	A	G	0.132286	3.504e-08	24.8987079841598	7.58772190250396	5.86269646505547
6:32597036	T	C	0.127433	3.504e-08	24.8938549841598	7.58286890250396	5.85784346505547
6:32597216	T	C	0.116665	3.504e-08	24.8830869841598	7.57210090250396	5.84707546505547
6:32596904	A	C	0.103938	3.504e-08	24.8703599841598	7.55937390250396	5.83434846505547
6:32597399	G	C	0.101745	3.504e-08	24.8681669841598	7.55718090250396	5.83215546505547
6:32597227	A	G	0.096983	3.504e-08	24.8634049841598	7.55241890250396	5.82739346505547
6:32597387	A	G	0.096852	3.504e-08	24.8632739841598	7.55228790250396	5.82726246505547
6:32597026	T	C	0.096405	3.504e-08	24.8628269841598	7.55184090250396	5.82681546505547
