SNP	REF	ALT	PHRED	P	c2	c10	c20
6:73309615	G	A	33	0.0003181	44.618232007672	36.4974363308926	35.6882057620107
6:32607958	A	G	17.35	3.273e-08	42.2148111567162	24.835053994692	23.1031755759958
10:80166946	G	A	32	0.002146	40.8641342085676	34.6683702823701	34.0509675343867
17:3292309	T	A	35	0.02318	40.4309756234303	36.6348865683724	36.2566094354635
14:105939851	G	A	34	0.01441	40.1167858542621	35.841336019186	35.41529098124
6:32605127	T	A	14.59	4.491e-08	38.9983880369814	21.9376569449373	20.2375692101068
17:35445639	G	T	34	0.03388	38.8834223151046	35.4700565983413	35.1299175293734
6:32624365	C	T	12.14	9.932e-09	38.7252685924715	20.1429632891175	18.2912519432983
6:32597026	T	C	13.47	3.504e-08	38.2364219841598	20.925435902504	19.2004104650555
20:2311076	A	C	23.6	4.059e-05	38.1885161344012	27.9915809486827	26.9754647958301
7:29914511	C	T	31	0.007463	38.0660285985385	33.1270865583796	32.6349250712656
4:52745317	C	T	33	0.03686	37.7618001188061	34.4334446691169	34.1017768029133
20:45293944	G	A	27.2	0.0008785	37.3526700933158	30.2562582341687	29.5491066649919
6:32608242	T	C	12.41	3.183e-08	37.3150376021251	19.907163361379	18.1724830990563
5:140665060	C	T	32	0.03447	36.8585148910695	33.462558716592	33.1241544941058
3:180619294	G	C	22.8	7.41e-05	36.5201669319057	26.9301817920207	25.974547708958
7:42574121	G	A	14.59	2.675e-07	36.4239577726977	21.1626762136428	19.6419021356524
6:32608761	T	C	9.319	7.242e-09	36.3599646771722	17.459141479519	15.5756900891203
6:32453854	A	G	7.687	3.047e-09	35.9769633539619	16.2031275457773	14.2326811711948
13:30956872	G	A	25.4	0.0008112	35.6676547272082	28.4908720580107	27.7757116041228
11:118229919	T	A	29.7	0.01848	35.4578914330208	31.4332980331159	31.0322506313402
6:32622752	A	G	16.38	1.832e-06	35.4381490658893	22.1170745306682	20.7896404769978
6:32459378	C	A	6.895	2.964e-09	35.2248074063425	15.4231218006927	13.4499002168396
17:42537435	T	A	24.5	0.000651	35.0850548361585	27.6864190114318	26.9491510741884
17:81645607	T	C	27.1	0.004684	34.838043208823	29.4293831135997	28.8904146110105
15:84561969	T	G	17.93	8.633e-06	34.7517065808327	22.9938382590888	21.8221764109708
3:41911360	T	C	24.4	0.001082	34.2520837854974	27.3657727392294	26.6795575421886
6:32459377	T	G	5.884	2.964e-09	34.2138074063425	14.4121218006927	12.4389002168396
6:32456331	C	T	7.539	9.568e-09	34.1781354644502	15.5581788333557	13.7027155638853
16:64084865	T	G	20.7	8.875e-05	34.1598933549321	24.7518316382729	23.8143260737851
6:31672202	C	T	23.6	0.0006729	34.1373202584041	26.7720494716974	26.0381063328817
16:173004	AGAGGT	A	29	0.02851	34.1323881504989	30.5450027826905	30.1875227995047
10:19352205	G	C	23	0.000536	33.8654793788664	26.2708352103072	25.5140352038063
9:124469332	G	A	29.1	0.03732	33.8439072035851	30.5280583649255	30.1976367721612
6:32608141	A	T	8.93	3.183e-08	33.8350376021251	16.427163361379	14.6924830990563
1:26185131	G	A	27.4	0.01288	33.6787235963222	29.2900841369762	28.852759846641
17:5463627	G	A	24.9	0.002361	33.6263862430955	27.5269040129213	26.9190956562693
6:32624194	T	G	18.29	2.502e-05	33.5765586849331	22.8917126946426	21.8269766338816
7:151018860	T	C	27.3	0.01293	33.5731339146266	29.1884014751196	28.7514665160782
7:103553798	A	C	27.4	0.0142	33.5379652600448	29.2477116556169	28.8201914343058
10:5878281	T	C	26.6	0.008553	33.4693537446651	28.6678815279709	28.1894187950029
6:32442939	G	A	11.13	1.909e-07	33.4506795614697	17.8491940716063	16.2945189534444
17:57258794	G	A	15.74	4.665e-06	33.4496914882471	21.0711483519175	19.8376367721612
6:32222064	T	G	5.142	3.023e-09	33.4433718750206	13.6615618528222	11.6903208544121
2:67405216	C	A	22.8	0.0006307	33.4307584463404	26.0001771690067	25.2597258938473
6:32610575	A	G	8.773	4.211e-08	33.2742618835919	16.1486147585797	14.4420581947848
6:32453294	G	A	4.617	2.527e-09	33.1769271897036	13.2143947580801	11.2251449211264
12:17733165	A	T	20.2	0.0001332	33.0741182971403	24.0754957751657	23.1787904875997
1:234609420	G	A	23.6	0.001445	33.0347147919361	26.4401321529074	25.7829874502301
17:39165094	G	A	26.5	0.01091	33.0182050881132	28.4621752494117	28.0081706462965
6:32597007	G	C	8.479	4.145e-08	33.0030526573779	15.8614754651137	14.1533314832999
15:98968575	A	AC	23.2	0.001147	32.9679188933084	26.1404365820987	25.4600836198231
7:149812603	G	A	24.6	0.003032	32.9655145311531	27.11827080304	26.5355978043802
11:124754254	G	A	24.9	0.003928	32.8919893550095	27.3058285208851	26.7491722165539
6:32597399	G	C	8.026	3.504e-08	32.7924219841598	15.481435902504	13.7564104650555
16:81208543	GTT	G	27.9	0.03398	32.7791703372526	29.368776625467	29.0289337143356
2:135040512	A	C	21.7	0.00047	32.7550516227592	25.0279021420643	24.2578980908629
6:32606100	T	C	7.609	2.729e-08	32.7360523644868	15.1729964643301	13.4228524780667
6:32597387	A	G	7.912	3.504e-08	32.6784219841598	15.367435902504	13.6424104650555
18:53223565	A	T	20.6	0.0002321	32.6729658568671	24.2343248595441	23.3934212675007
8:72065468	C	T	24.2	0.002958	32.6011622322251	26.7290018303391	26.1438459057575
11:74003826	C	T	27.8	0.03646	32.5775416283977	29.238183335681	28.905419045275
4:109684588	A	T	21.7	0.0005522	32.5225214916235	24.9579035976968	24.2040956846149
6:32454021	G	T	4.174	3.047e-09	32.4639633539619	12.6901275457773	10.7196811711948
16:4395326	C	T	27	0.02286	32.4510307862223	28.6409237739407	28.261249763195
13:41891577	C	T	27.6	0.03696	32.3578914330208	29.0322680374519	28.7008724181805
6:32597216	T	C	7.576	3.504e-08	32.3424219841598	15.031435902504	13.3064104650555
22:38481456	T	G	27.5	0.03618	32.2886637818156	28.9415314374762	28.6079924692593
6:32596950	A	G	7.521	3.504e-08	32.2874219841598	14.976435902504	13.2514104650555
6:32450450	G	A	4.947	5.909e-09	32.2814388550742	13.1754860100203	11.2715936200118
6:32457111	C	T	6.354	1.58e-08	32.2695002006965	14.1553429130456	12.3502821295785
6:32446496	T	C	0.928	3.749e-10	32.2407751232476	10.3540845595784	8.17309395709039
13:25849519	T	C	18.43	7.118e-05	32.2081685415891	22.5776420163322	21.6179680177669
6:32623374	C	T	13.15	1.832e-06	32.2081490658893	18.8870745306682	17.5596404769978
19:40876571	T	A	25.1	0.007604	32.1390257526756	27.2189578918066	26.7286772010396
6:32614934	A	C	9.539	1.619e-07	32.0973936785711	16.3297531512466	14.7585208211022
11:108593482	T	C	26.8	0.02614	32.0575970486414	28.3826944167555	28.0164934106287
22:37759490	A	G	18.61	9.023e-05	32.0460332886796	22.6546490426323	21.7188053742897
4:125451587	G	A	26.7	0.02478	32.0346800022962	28.30589869796	27.9343287267104
4:5783715	G	A	26.1	0.01649	32.0222647909993	27.8827793443555	27.4702830452004
4:101788151	T	C	19.77	0.000205	32.0220884698187	23.4582461389442	22.6048663376219
6:32441528	A	G	4.536	5.373e-09	32.0076250159412	12.8057831594313	10.8923355087834
9:124468612	G	A	26.8	0.02708	32.0066284508618	28.3673513399869	28.0047003875472
12:29461874	C	T	22.2	0.001197	31.9063611323807	25.1219058495936	24.4458404950936
5:97177767	G	C	27.2	0.03885	31.8859415911417	28.6106089768631	28.2842247923294
7:140351316	G	A	27	0.03407	31.8753542423405	28.4676278664321	28.1280507531136
2:74958729	G	T	22.3	0.001367	31.8147710417181	25.1642314854322	24.501510722257
11:118956945	G	T	23.4	0.003143	31.7136420125254	25.9026556189824	25.323595633708
6:32614750	C	T	9.144	1.619e-07	31.7023936785711	15.9347531512466	14.3635208211022
6:56955450	A	G	19.92	0.0002876	31.6836487037722	23.4612111182892	22.6418520173179
6:32623460	A	G	16.6	2.887e-05	31.6800693668629	21.1395532161193	20.08919950443
6:32597420	G	A	6.893	3.504e-08	31.6594219841598	14.348435902504	12.6234104650555
17:30784350	A	G	26.9	0.03809	31.6144439018735	28.3191890273391	27.9908196060574
6:32601190	T	C	3.565	3.605e-09	31.6123535945202	12.0080947309446	10.05454655856
6:32598935	T	C	6.82	3.504e-08	31.5864219841598	14.275435902504	12.5504104650555
17:64129007	G	A	17.6	6.378e-05	31.5365363768466	21.7953154850931	20.8246108845108
6:32608368	C	A	6.628	3.183e-08	31.5330376021251	14.125163361379	12.3904830990563
2:179509613	A	T	18.24	9.988e-05	31.5294446531707	22.2405214663207	21.3148879577361
6:32621162	A	T	12.42	1.832e-06	31.4781490658893	18.1570745306682	16.8296404769978
6:32452938	T	C	11.05	7.229e-07	31.4497005737186	17.190921775253	15.7700462677411
