SEX,PHENOTYPE,X6.32605127_A,X6.32607958_G,X6.32624365_T,X6.73309615_A,X10.80166946_A,X14.105939851_A,X17.3292309_A,X17.35445639_T,X20.2311076_C
1,1,0,0,0,0,0,34,0,0,23.6
1,1,0,0,0,0,0,34,0,0,23.6
1,1,0,0,0,0,0,0,0,34,23.6
2,1,14.59,0,12.14,0,0,34,35,0,23.6
1,1,14.59,0,12.14,33,0,0,0,34,23.6
2,1,14.59,0,12.14,0,0,34,35,0,23.6
1,1,14.59,17.35,12.14,33,0,34,0,0,23.6
2,1,14.59,0,12.14,0,32,68,0,0,23.6
1,1,0,17.35,12.14,0,0,0,0,0,47.2
1,1,29.18,0,24.28,33,32,0,35,0,0
1,1,14.59,0,24.28,0,0,0,0,0,0
1,1,0,0,0,33,0,68,0,0,23.6
2,1,29.18,0,24.28,0,0,34,0,0,0
2,1,0,17.35,12.14,0,32,0,0,34,23.6
1,1,0,17.35,0,33,0,0,0,0,0
1,1,0,0,12.14,33,0,34,0,0,47.2
1,1,0,0,12.14,0,0,34,0,0,23.6
2,1,0,0,12.14,66,0,34,0,0,0
2,1,14.59,0,12.14,0,32,0,0,0,0
1,1,14.59,0,12.14,33,0,0,0,0,0
2,1,0,0,12.14,33,32,34,0,34,0
2,1,14.59,0,12.14,0,64,34,0,0,23.6
1,1,14.59,0,12.14,0,0,34,0,0,0
1,1,0,17.35,0,0,64,0,0,0,0
1,1,14.59,0,12.14,0,32,34,0,0,0
1,1,0,0,24.28,0,32,34,0,0,0
2,1,0,0,0,0,0,34,0,0,23.6
2,1,14.59,0,24.28,0,0,0,0,0,23.6
1,1,14.59,0,24.28,0,32,0,0,0,0
2,1,0,0,12.14,0,32,0,0,0,0
1,1,0,0,12.14,0,0,34,0,0,23.6
2,1,14.59,0,12.14,0,0,0,0,0,0
1,1,0,17.35,0,33,0,34,0,0,23.6
1,1,14.59,0,12.14,0,0,0,35,0,23.6
2,1,0,0,12.14,0,32,34,0,0,23.6
1,1,0,0,12.14,0,32,34,0,34,23.6
2,1,14.59,0,24.28,0,0,0,0,0,0
2,1,14.59,0,12.14,0,0,34,0,0,47.2
1,1,0,0,12.14,0,32,0,0,0,0
1,1,14.59,0,0,33,0,34,0,0,23.6
1,1,14.59,0,24.28,0,0,0,0,34,23.6
2,1,14.59,0,12.14,0,32,34,0,0,0
1,1,29.18,0,24.28,0,0,0,0,0,47.2
2,1,0,0,24.28,0,0,0,0,34,23.6
2,1,0,0,0,0,0,34,0,0,47.2
2,1,14.59,0,12.14,0,0,0,0,34,0
2,1,14.59,0,12.14,0,0,0,0,0,47.2
2,1,0,0,12.14,0,0,0,0,0,0
2,1,14.59,0,12.14,0,0,0,0,34,0
2,1,0,0,12.14,33,64,34,0,34,0
2,1,29.18,0,24.28,0,32,0,0,0,23.6
2,1,0,0,24.28,0,0,34,0,34,0
2,1,0,0,24.28,0,0,0,35,0,0
2,1,14.59,0,12.14,0,32,0,0,0,0
2,1,0,0,0,0,0,34,0,0,23.6
2,1,14.59,0,12.14,0,32,0,0,0,0
2,1,0,0,0,0,0,0,0,0,23.6
2,1,14.59,0,12.14,0,0,34,35,0,23.6
2,1,14.59,17.35,24.28,0,0,34,0,0,23.6
2,1,0,17.35,12.14,0,0,0,0,0,0
2,1,0,0,24.28,0,0,34,0,0,47.2
2,1,0,17.35,12.14,0,0,34,0,0,47.2
2,1,14.59,0,12.14,0,0,34,0,34,0
2,1,0,17.35,12.14,0,0,0,0,0,23.6
2,1,0,0,0,0,32,34,0,0,47.2
2,1,14.59,0,24.28,0,32,34,0,34,23.6
2,1,0,17.35,24.28,0,0,0,0,0,47.2
1,1,0,0,12.14,0,0,0,0,0,0
2,1,14.59,0,0,33,0,68,0,0,23.6
1,1,0,0,0,0,0,34,0,0,0
2,1,0,17.35,0,0,32,34,0,0,0
2,1,0,0,24.28,33,0,0,0,0,0
2,1,14.59,0,12.14,0,0,0,0,0,0
2,1,0,0,12.14,0,32,0,0,0,0
2,1,0,0,24.28,0,32,34,0,0,0
2,1,0,17.35,0,0,0,0,0,0,23.6
2,1,14.59,0,12.14,0,0,0,0,0,23.6
2,1,0,0,24.28,33,0,0,35,0,0
2,1,14.59,0,12.14,33,32,34,0,0,0
2,1,14.59,0,24.28,0,0,0,0,0,47.2
2,1,0,17.35,24.28,0,0,34,0,0,23.6
1,1,14.59,17.35,12.14,0,32,68,0,0,0
1,1,0,0,0,0,0,0,0,0,0
2,1,14.59,0,12.14,33,32,0,0,0,23.6
2,1,0,0,0,0,0,34,0,0,47.2
2,1,14.59,0,24.28,0,0,0,35,0,0
2,1,0,0,12.14,0,32,34,0,0,23.6
2,1,14.59,0,12.14,33,0,0,35,34,47.2
2,1,14.59,0,24.28,0,0,34,0,34,0
2,1,14.59,0,24.28,0,32,0,0,34,23.6
2,1,0,0,0,0,0,0,0,0,23.6
2,1,0,0,0,0,0,0,0,0,23.6
2,1,14.59,0,12.14,0,32,0,0,0,47.2
2,1,14.59,0,12.14,33,0,34,35,0,23.6
2,1,0,17.35,12.14,0,0,68,0,0,23.6
1,1,29.18,0,24.28,33,0,34,35,0,23.6
1,1,0,17.35,0,0,64,0,0,34,23.6
2,1,14.59,0,24.28,0,0,0,35,0,23.6
1,1,14.59,0,24.28,0,0,0,0,0,23.6
2,1,14.59,0,24.28,0,32,34,0,34,23.6
2,1,0,34.7,0,0,0,0,0,0,0
2,1,0,0,12.14,0,32,0,0,34,0
2,1,0,0,24.28,33,0,0,0,0,0
2,1,14.59,0,0,0,32,34,35,0,23.6
2,1,14.59,0,12.14,0,32,0,0,0,23.6
2,1,14.59,0,12.14,33,32,0,0,0,47.2
1,1,14.59,0,24.28,0,0,68,0,0,0
2,1,29.18,0,24.28,0,0,0,0,0,23.6
2,1,0,0,0,33,0,0,0,34,23.6
1,1,0,0,0,0,64,0,0,0,23.6
1,1,14.59,0,12.14,33,0,34,0,0,0
2,1,0,0,24.28,0,0,34,0,0,23.6
1,1,29.18,0,24.28,0,32,0,0,0,23.6
2,1,0,0,0,0,0,68,0,34,23.6
2,1,0,17.35,12.14,0,0,0,0,0,47.2
1,1,0,0,12.14,0,64,0,0,0,0
2,1,14.59,0,12.14,0,0,34,0,0,23.6
1,1,0,0,12.14,0,0,0,0,0,23.6
2,1,14.59,17.35,12.14,0,0,0,0,0,23.6
2,1,0,0,12.14,0,0,0,35,0,23.6
1,1,14.59,0,12.14,0,0,0,0,0,47.2
2,1,0,0,12.14,33,0,0,0,0,0
2,1,14.59,0,24.28,0,32,34,0,0,23.6
2,1,0,0,12.14,0,0,0,0,0,23.6
2,1,14.59,0,12.14,0,32,0,0,34,23.6
2,1,0,0,12.14,0,0,0,0,0,23.6
2,1,0,17.35,0,0,0,34,35,0,23.6
1,1,29.18,0,12.14,33,0,34,0,0,23.6
2,1,0,17.35,0,0,0,0,0,0,0
1,1,0,0,0,0,0,34,0,0,47.2
2,1,0,0,12.14,0,32,0,0,68,47.2
2,1,0,0,12.14,0,0,68,0,0,23.6
1,1,0,0,12.14,33,0,0,0,0,0
2,1,0,0,0,33,0,34,0,0,23.6
1,1,14.59,0,12.14,0,0,0,0,0,47.2
1,1,14.59,0,12.14,0,32,0,35,0,0
2,1,0,0,12.14,0,0,0,0,0,23.6
2,1,0,17.35,0,0,0,0,0,0,0
2,1,14.59,0,12.14,0,0,0,0,0,23.6
2,1,0,34.7,12.14,0,0,34,0,0,0
2,1,0,0,0,0,32,0,0,0,23.6
1,1,14.59,0,12.14,0,0,34,0,34,0
2,1,0,0,24.28,0,0,0,0,34,47.2
2,1,14.59,0,12.14,0,0,0,0,0,23.6
2,1,14.59,17.35,12.14,0,32,34,0,34,0
2,1,0,0,24.28,0,32,34,0,0,0
2,1,0,0,12.14,0,0,0,0,0,23.6
2,1,0,0,12.14,0,32,34,0,0,23.6
2,1,14.59,0,24.28,0,0,0,0,34,0
2,1,0,0,12.14,0,0,34,0,0,23.6
2,1,0,0,12.14,0,0,0,35,34,23.6
2,1,14.59,17.35,12.14,0,0,0,0,0,23.6
2,1,0,0,12.14,33,0,34,0,0,0
2,1,0,0,0,0,0,0,0,0,0
2,1,29.18,0,0,0,0,0,0,0,47.2
2,1,14.59,0,12.14,0,0,0,0,0,23.6
1,1,14.59,0,24.28,0,0,34,0,0,0
2,1,0,0,0,0,0,0,0,0,0
2,1,0,0,12.14,0,32,0,0,0,23.6
1,1,0,17.35,12.14,33,32,34,0,34,23.6
2,1,0,0,0,0,0,0,0,0,23.6
2,1,14.59,0,12.14,0,0,0,0,0,0
2,1,0,17.35,0,0,0,34,0,34,23.6
2,1,14.59,0,12.14,0,0,34,0,0,23.6
1,1,0,0,12.14,0,0,34,35,0,47.2
1,1,0,0,12.14,0,0,0,35,0,23.6
2,1,0,0,12.14,0,32,0,0,0,47.2
1,1,14.59,0,12.14,0,0,0,0,0,47.2
2,1,0,17.35,0,0,0,0,0,0,0
2,1,0,34.7,0,33,0,34,0,34,0
2,1,14.59,0,12.14,0,0,34,0,0,0
2,1,0,0,12.14,0,0,0,0,0,0
2,1,14.59,0,12.14,0,0,0,0,0,0
2,1,0,0,12.14,0,0,34,0,34,23.6
2,1,0,17.35,12.14,0,0,34,0,0,47.2
2,1,0,17.35,0,0,32,0,35,0,23.6
2,1,14.59,0,12.14,0,32,0,0,0,0
2,1,0,0,0,0,0,34,0,0,0
2,1,0,17.35,0,0,0,34,0,0,23.6
2,1,0,0,12.14,0,0,34,0,34,23.6
2,1,0,0,0,0,0,34,0,0,23.6
2,1,0,34.7,24.28,33,0,34,0,0,23.6
2,1,0,0,12.14,0,0,0,35,0,23.6
2,1,14.59,0,24.28,0,0,0,35,34,23.6
2,1,0,17.35,0,0,32,0,35,0,23.6
2,1,14.59,0,12.14,0,0,34,0,0,23.6
2,1,0,17.35,24.28,0,0,34,0,0,23.6
2,1,14.59,0,12.14,0,0,0,0,0,23.6
2,1,0,34.7,12.14,0,32,34,0,0,23.6
2,1,0,17.35,12.14,0,0,34,0,0,47.2
2,1,14.59,0,12.14,0,32,68,0,0,47.2
2,1,14.59,0,12.14,0,0,34,0,34,0
2,1,0,0,24.28,0,32,34,0,0,47.2
2,1,14.59,0,24.28,0,64,0,0,34,23.6
1,1,14.59,0,12.14,0,32,0,35,0,23.6
2,1,14.59,0,24.28,0,32,0,0,0,23.6
2,1,0,17.35,12.14,0,32,0,0,0,47.2
2,1,0,0,12.14,0,0,34,0,34,0
2,1,0,0,24.28,33,32,34,0,0,0
2,1,0,0,0,0,0,0,0,0,47.2
2,1,0,0,24.28,0,32,0,35,0,0
2,1,14.59,0,0,0,0,34,0,0,23.6
2,1,0,0,12.14,0,32,34,35,34,23.6
2,1,0,17.35,0,33,0,0,0,0,0
2,1,14.59,0,12.14,0,0,34,0,0,23.6
2,1,14.59,0,24.28,0,0,0,0,0,0
1,1,0,0,0,0,0,34,0,0,23.6
2,1,0,17.35,0,33,0,0,0,0,0
2,1,0,0,24.28,0,32,34,35,0,0
2,1,0,17.35,0,0,0,34,0,0,23.6
2,1,0,0,12.14,66,64,0,0,0,0
2,1,0,17.35,0,0,0,0,0,0,23.6
1,1,14.59,0,12.14,0,0,0,0,0,0
2,1,0,0,12.14,33,0,0,0,34,23.6
1,1,14.59,17.35,12.14,0,0,34,0,0,23.6
2,1,29.18,0,24.28,0,0,0,0,0,23.6
2,1,0,0,24.28,33,32,68,0,34,23.6
2,1,14.59,0,24.28,0,0,34,0,0,23.6
2,1,0,0,0,0,0,34,0,0,23.6
2,1,14.59,0,12.14,0,0,34,0,0,23.6
2,1,0,17.35,24.28,0,0,0,35,0,23.6
2,1,0,0,0,0,32,34,0,0,0
2,1,0,0,12.14,0,32,0,0,0,0
2,1,0,0,0,33,0,0,0,34,23.6
2,1,0,0,12.14,0,32,0,0,0,0
2,1,0,17.35,12.14,0,32,0,0,0,23.6
2,1,0,0,12.14,0,32,0,0,34,0
2,1,0,17.35,12.14,0,64,0,0,0,47.2
2,1,0,0,24.28,0,0,34,0,0,23.6
2,1,0,0,12.14,0,32,0,0,0,0
2,1,0,0,0,0,32,34,0,0,0
2,1,0,0,0,33,32,0,0,0,47.2
2,1,0,0,24.28,0,0,34,0,34,23.6
2,1,14.59,0,24.28,0,0,0,0,0,23.6
2,1,14.59,0,12.14,33,32,0,0,0,23.6
1,1,14.59,0,12.14,0,0,0,0,0,23.6
1,1,0,0,0,33,0,34,0,34,23.6
2,1,0,0,0,0,0,0,0,0,23.6
2,1,14.59,0,24.28,0,0,34,0,0,23.6
2,1,0,0,12.14,0,0,68,0,34,0
2,1,14.59,0,12.14,33,0,34,0,0,0
1,1,14.59,17.35,12.14,0,0,34,0,0,23.6
2,1,0,0,0,0,0,34,35,0,0
2,1,0,0,0,0,64,34,0,0,23.6
2,1,14.59,0,24.28,0,0,34,0,0,47.2
2,1,0,0,0,0,0,0,0,0,23.6
2,1,0,0,0,0,0,34,0,0,47.2
2,1,14.59,17.35,24.28,0,0,34,0,34,23.6
2,1,29.18,0,24.28,0,0,0,0,34,23.6
2,1,14.59,0,12.14,0,0,0,0,34,0
2,1,0,0,0,0,0,0,0,34,47.2
2,1,0,0,12.14,0,32,34,0,0,23.6
2,1,14.59,0,12.14,0,0,34,0,34,47.2
2,1,29.18,0,12.14,0,64,0,0,0,23.6
2,1,14.59,0,12.14,0,32,34,0,0,0
2,1,14.59,17.35,12.14,0,0,0,0,0,47.2
2,1,0,17.35,12.14,0,0,0,0,0,0
2,1,14.59,0,24.28,0,0,0,0,0,23.6
2,1,0,17.35,0,0,0,0,0,0,23.6
1,1,0,0,12.14,0,0,34,0,0,23.6
2,1,14.59,0,12.14,0,0,0,35,0,23.6
2,1,0,0,12.14,0,32,68,0,0,47.2
1,1,0,0,12.14,33,0,0,35,0,23.6
2,1,0,0,24.28,0,0,0,0,0,0
2,1,0,0,12.14,0,32,0,35,0,0
1,1,0,0,0,0,32,0,0,0,23.6
1,1,29.18,0,24.28,0,32,34,0,34,23.6
2,1,0,17.35,12.14,33,32,0,0,34,47.2
2,1,14.59,0,24.28,0,0,34,0,0,0
2,1,0,0,0,0,32,34,0,34,0
2,1,0,0,12.14,0,0,34,0,0,23.6
2,1,14.59,0,24.28,0,0,0,0,0,23.6
1,1,0,17.35,12.14,0,0,0,0,0,47.2
2,1,0,0,0,0,0,34,0,0,23.6
2,1,0,0,12.14,33,0,0,0,0,0
2,1,14.59,0,12.14,0,0,0,0,0,23.6
2,1,29.18,0,12.14,0,32,0,0,0,23.6
2,1,0,0,0,33,0,34,0,0,0
2,1,14.59,0,12.14,0,0,34,0,0,23.6
2,1,14.59,0,24.28,0,0,34,0,0,23.6
2,1,0,0,12.14,0,0,0,0,0,23.6
2,1,0,0,12.14,0,0,0,0,0,0
2,1,0,17.35,0,0,0,34,0,0,47.2
1,1,14.59,0,24.28,0,32,0,0,0,0
2,1,0,0,12.14,0,0,0,0,34,0
1,1,14.59,0,24.28,0,32,0,0,34,23.6
2,1,0,17.35,12.14,0,0,0,0,0,23.6
1,1,0,0,0,0,32,0,0,0,0
2,1,0,17.35,12.14,0,32,0,0,0,0
2,1,14.59,0,24.28,0,32,34,0,34,23.6
2,1,14.59,0,12.14,0,0,0,0,0,0
1,1,14.59,0,0,0,0,34,0,0,23.6
1,1,0,0,12.14,0,32,34,0,34,23.6
2,1,14.59,0,0,0,0,0,0,0,47.2
2,1,14.59,0,12.14,0,0,0,35,0,23.6
2,1,0,0,0,33,0,0,0,0,0
2,1,14.59,0,24.28,0,32,0,0,0,23.6
2,1,0,0,12.14,0,0,0,0,0,0
2,1,0,0,0,0,0,0,0,0,0
2,1,14.59,0,12.14,0,32,0,0,34,23.6
2,1,14.59,0,24.28,0,0,0,0,0,23.6
2,1,14.59,0,0,0,0,0,0,0,23.6
2,1,14.59,0,24.28,33,32,0,0,0,0
2,1,14.59,0,12.14,0,0,0,0,0,23.6
2,1,29.18,0,24.28,0,0,34,0,0,0
2,1,14.59,0,24.28,0,32,34,0,0,23.6
2,1,0,0,12.14,0,32,0,0,0,23.6
2,1,0,0,0,0,0,0,0,34,23.6
2,1,0,17.35,0,0,0,0,35,0,23.6
2,1,0,17.35,0,33,0,34,0,0,23.6
2,1,0,17.35,12.14,66,32,0,0,0,23.6
2,1,0,0,12.14,0,0,0,0,0,23.6
2,1,0,0,24.28,33,0,0,0,0,23.6
2,1,29.18,0,24.28,0,0,34,0,0,23.6
2,1,0,0,12.14,0,0,0,0,0,0
2,1,14.59,0,12.14,33,32,34,0,34,23.6
2,1,14.59,0,24.28,0,32,34,0,0,23.6
2,1,0,0,0,0,0,0,0,0,0
2,1,0,0,12.14,0,0,0,0,0,0
2,1,14.59,17.35,24.28,0,32,0,35,0,23.6
2,1,0,0,0,0,0,0,35,0,47.2
2,1,0,0,12.14,0,0,34,0,0,0
2,1,0,0,12.14,33,0,34,0,0,0
2,1,0,0,0,0,0,0,0,0,0
2,1,14.59,0,12.14,0,0,0,0,0,23.6
2,1,0,17.35,12.14,0,0,34,35,34,47.2
2,1,14.59,0,12.14,33,0,0,35,0,47.2
2,1,0,0,0,0,32,0,0,0,23.6
1,1,14.59,0,12.14,0,0,0,0,0,23.6
2,1,14.59,0,24.28,0,32,0,0,0,47.2
2,1,0,0,12.14,0,0,0,0,0,23.6
2,1,14.59,0,24.28,0,0,0,0,34,23.6
2,1,14.59,0,12.14,0,0,34,0,0,23.6
2,1,0,0,24.28,0,0,0,0,0,0
2,1,14.59,0,24.28,33,0,0,35,0,47.2
1,1,0,0,12.14,0,0,0,0,34,23.6
2,1,0,0,0,0,0,0,0,34,23.6
2,1,14.59,0,12.14,0,0,0,0,0,0
2,1,14.59,0,12.14,0,0,0,0,0,0
2,1,14.59,0,0,0,32,68,0,0,23.6
2,1,0,0,0,33,0,0,0,34,23.6
2,1,29.18,0,24.28,33,32,0,0,0,0
2,1,0,0,12.14,0,0,34,0,0,23.6
2,1,14.59,0,12.14,0,0,0,0,34,47.2
2,1,0,0,0,0,0,34,0,0,47.2
2,1,14.59,0,12.14,0,32,34,0,0,47.2
2,1,14.59,0,12.14,0,0,0,0,0,0
2,1,0,0,24.28,0,0,34,0,0,0
2,1,0,0,12.14,33,32,0,0,0,0
2,1,0,0,0,0,0,68,0,0,23.6
2,1,14.59,0,24.28,0,0,68,0,0,0
2,1,0,0,12.14,0,0,0,0,0,0
2,1,0,17.35,12.14,0,0,34,0,0,23.6
2,1,0,0,0,0,0,0,0,0,23.6
2,1,0,0,0,0,0,34,0,0,23.6
2,1,0,17.35,12.14,0,0,0,0,0,0
2,1,29.18,0,24.28,0,0,68,0,0,47.2
1,1,0,0,12.14,66,32,0,0,34,23.6
2,1,0,0,24.28,0,0,68,0,0,23.6
1,1,0,17.35,0,0,32,0,0,0,23.6
2,1,0,0,0,0,0,0,0,0,23.6
2,1,0,0,12.14,0,32,34,0,34,0
2,1,0,0,0,0,0,0,35,0,23.6
1,1,0,0,12.14,0,0,0,0,0,23.6
1,1,14.59,0,12.14,0,0,0,0,0,23.6
2,1,0,0,0,33,0,0,0,0,0
2,1,14.59,17.35,24.28,0,32,0,0,0,23.6
2,1,29.18,0,24.28,0,0,68,0,34,0
2,1,0,0,12.14,0,0,0,0,0,23.6
2,1,0,0,0,0,32,0,0,0,0
2,1,0,0,0,0,32,0,35,0,0
2,1,14.59,0,12.14,0,0,68,0,0,23.6
2,1,0,0,12.14,0,0,0,0,0,23.6
1,1,0,0,0,33,64,34,0,34,0
1,1,0,0,12.14,0,64,34,0,34,0
2,1,0,17.35,12.14,0,0,0,0,0,0
2,1,14.59,0,12.14,0,0,0,0,0,0
2,1,0,0,12.14,0,0,0,0,0,47.2
2,1,0,0,12.14,0,32,34,0,0,23.6
2,1,14.59,0,12.14,0,0,34,0,0,0
2,1,0,17.35,0,0,32,34,0,0,23.6
2,1,0,0,0,0,0,34,0,0,23.6
2,1,14.59,0,24.28,33,0,0,35,0,47.2
2,1,0,0,0,33,32,34,0,0,23.6
2,1,0,0,12.14,0,0,0,0,34,23.6
2,1,14.59,17.35,0,0,0,34,0,0,23.6
2,1,0,0,0,0,0,0,0,0,23.6
2,1,14.59,0,24.28,0,0,0,0,34,0
1,1,29.18,0,24.28,0,64,34,0,0,0
2,1,0,0,24.28,0,0,0,0,0,0
2,1,0,0,12.14,0,64,34,0,0,0
2,1,14.59,0,24.28,0,32,0,0,0,23.6
2,1,0,17.35,0,0,32,34,0,0,23.6
2,1,0,0,12.14,0,32,34,0,0,0
1,1,14.59,17.35,12.14,33,32,34,35,0,23.6
1,1,0,0,0,0,0,68,0,0,23.6
2,1,0,0,0,0,0,68,0,34,23.6
1,1,14.59,0,24.28,0,0,0,0,0,23.6
2,1,0,0,0,0,0,0,0,0,0
2,1,14.59,0,24.28,0,0,0,0,34,23.6
1,1,0,0,0,0,0,0,0,0,0
1,1,14.59,0,0,0,0,34,0,0,47.2
2,1,14.59,17.35,12.14,0,32,0,0,34,23.6
2,1,14.59,0,12.14,33,32,34,0,0,23.6
1,1,14.59,0,12.14,33,0,34,0,0,23.6
2,1,0,0,0,33,32,0,0,0,0
1,1,0,0,0,0,32,34,0,34,0
1,1,0,0,0,0,32,0,0,0,23.6
1,1,0,0,24.28,0,64,0,0,0,0
1,1,14.59,0,12.14,0,32,68,0,0,0
1,1,0,0,12.14,0,0,34,0,0,23.6
1,1,0,0,0,0,32,34,0,0,23.6
2,1,29.18,0,24.28,0,32,68,0,0,0
2,1,0,0,0,0,32,0,0,0,0
1,1,0,17.35,0,0,32,0,0,0,23.6
1,1,0,0,0,0,0,0,0,0,23.6
2,1,0,0,12.14,33,0,0,0,0,23.6
1,1,14.59,0,24.28,33,0,34,0,0,0
2,1,0,0,0,0,64,34,35,0,0
2,1,0,17.35,12.14,0,0,0,0,0,47.2
2,1,14.59,0,12.14,0,0,34,0,34,23.6
2,1,14.59,0,12.14,0,32,0,0,0,0
2,1,14.59,17.35,12.14,0,0,34,35,0,23.6
2,1,0,0,12.14,0,0,0,0,0,0
2,1,0,17.35,0,0,32,34,0,0,0
2,1,14.59,0,12.14,0,32,34,0,0,0
2,1,0,0,12.14,0,64,0,0,34,0
2,1,0,0,0,0,0,0,0,0,0
1,1,14.59,0,24.28,0,0,0,0,0,0
1,1,0,0,0,0,0,34,0,0,0
2,1,14.59,0,12.14,0,0,34,0,0,23.6
2,1,14.59,0,12.14,0,32,34,0,0,0
1,1,14.59,0,12.14,0,0,0,0,0,0
1,1,14.59,0,12.14,0,32,0,0,34,23.6
1,1,14.59,0,12.14,0,32,68,0,0,23.6
2,1,0,0,0,0,64,0,0,0,0
2,1,14.59,0,12.14,0,0,0,35,0,23.6
2,1,0,0,0,0,0,0,0,0,0
2,1,0,0,12.14,0,32,0,0,0,23.6
2,1,29.18,0,12.14,0,0,0,0,34,0
2,1,14.59,17.35,12.14,0,0,0,0,0,0
2,1,0,0,12.14,0,0,68,0,0,23.6
2,1,0,0,24.28,0,0,34,0,0,23.6
2,1,0,0,12.14,33,0,0,0,0,23.6
2,1,14.59,0,12.14,0,32,0,0,34,0
2,1,0,17.35,0,0,0,68,0,0,23.6
2,1,14.59,17.35,24.28,0,0,0,0,0,23.6
2,1,0,0,0,0,0,34,0,0,0
2,1,14.59,0,24.28,0,0,34,35,0,0
2,1,14.59,0,12.14,0,0,34,0,34,23.6
2,1,0,0,12.14,0,0,0,0,0,0
2,1,0,17.35,24.28,0,32,34,0,0,47.2
2,1,29.18,0,24.28,0,32,0,0,34,0
1,1,14.59,0,0,0,0,34,0,0,23.6
2,1,0,0,0,0,32,34,0,0,23.6
2,1,0,17.35,0,0,32,0,0,0,23.6
2,1,14.59,0,24.28,0,32,0,0,34,0
2,1,14.59,0,12.14,0,32,34,0,0,23.6
2,1,14.59,17.35,12.14,0,32,34,0,0,0
2,1,0,0,0,0,0,68,0,0,23.6
1,1,14.59,0,12.14,33,0,34,0,0,23.6
2,1,14.59,0,24.28,0,0,34,0,0,0
1,1,0,17.35,12.14,0,0,34,0,34,0
1,1,29.18,0,24.28,0,0,0,0,0,47.2
2,1,0,0,0,0,32,0,0,0,47.2
2,1,0,0,12.14,0,0,0,35,68,23.6
2,1,0,0,12.14,0,0,0,0,34,23.6
2,1,0,0,0,0,0,0,35,0,23.6
2,1,0,0,12.14,0,0,0,0,0,47.2
1,1,14.59,0,0,0,0,0,0,0,23.6
2,1,14.59,17.35,12.14,0,0,0,0,0,0
1,1,0,17.35,12.14,0,32,0,0,0,23.6
1,1,14.59,0,12.14,0,0,0,0,0,23.6
2,1,29.18,0,24.28,33,0,34,0,68,0
1,1,14.59,0,0,0,0,34,0,0,47.2
2,1,0,17.35,0,0,0,34,0,0,23.6
1,1,0,0,24.28,0,32,0,0,0,23.6
2,1,0,17.35,0,0,0,0,0,0,23.6
2,1,0,0,12.14,0,0,0,0,34,23.6
1,1,14.59,0,12.14,0,0,0,0,34,0
2,1,0,17.35,24.28,0,0,0,0,0,0
2,1,14.59,0,12.14,0,32,0,0,0,47.2
2,1,0,17.35,12.14,0,0,0,0,0,0
2,1,14.59,0,24.28,0,0,34,0,34,23.6
1,1,0,0,12.14,33,0,0,0,0,47.2
1,1,0,0,0,33,32,34,35,0,23.6
1,1,0,0,12.14,0,32,34,0,0,47.2
2,1,14.59,17.35,12.14,0,32,34,0,34,23.6
1,1,14.59,17.35,12.14,0,32,0,0,0,23.6
2,1,14.59,0,12.14,0,0,0,0,68,47.2
2,1,29.18,0,24.28,0,0,0,0,34,47.2
1,1,0,0,24.28,0,0,0,0,34,23.6
2,1,14.59,0,24.28,0,0,0,0,34,23.6
1,1,0,0,0,0,0,34,0,0,47.2
2,1,14.59,17.35,12.14,0,32,34,0,0,0
1,1,14.59,0,24.28,33,32,0,0,0,47.2
1,1,14.59,0,12.14,0,0,0,0,34,47.2
2,1,0,0,24.28,33,0,0,0,0,23.6
2,1,14.59,0,24.28,0,0,0,0,0,23.6
1,1,14.59,0,24.28,0,0,0,0,0,23.6
1,1,14.59,0,12.14,0,32,0,0,0,23.6
1,1,29.18,0,24.28,0,0,0,0,0,47.2
1,1,29.18,0,12.14,0,0,0,0,0,47.2
1,1,14.59,0,12.14,0,0,68,0,0,0
1,1,29.18,0,12.14,33,0,68,0,34,47.2
1,1,0,0,12.14,0,0,34,0,68,23.6
2,1,29.18,0,24.28,0,0,0,0,0,0
2,1,0,0,0,0,0,34,0,34,0
2,1,0,0,0,0,0,34,0,68,23.6
1,1,14.59,0,12.14,0,0,0,0,0,23.6
2,1,0,0,24.28,0,0,34,0,34,47.2
1,1,29.18,0,24.28,0,32,0,0,34,23.6
1,1,14.59,0,12.14,0,64,0,0,0,23.6
1,1,0,0,0,33,0,0,35,0,0
1,1,14.59,0,24.28,0,0,0,0,34,47.2
1,1,14.59,0,12.14,0,0,0,0,34,23.6
1,1,0,0,0,0,0,34,35,0,47.2
1,1,14.59,0,12.14,33,0,34,35,0,47.2
2,1,14.59,0,24.28,0,0,0,0,0,23.6
1,1,0,17.35,12.14,0,0,0,0,0,23.6
1,1,14.59,17.35,0,0,32,0,0,0,47.2
1,1,0,17.35,12.14,0,0,0,0,34,0
2,1,0,0,12.14,0,64,34,0,0,23.6
1,1,14.59,0,24.28,0,32,34,0,0,0
2,1,29.18,0,24.28,0,32,0,0,34,0
1,1,14.59,0,12.14,0,32,0,0,0,23.6
1,1,0,0,0,0,32,0,35,0,23.6
1,1,0,0,0,0,0,0,0,34,23.6
2,1,0,0,12.14,0,32,0,0,34,23.6
1,1,14.59,17.35,12.14,0,32,0,0,0,23.6
1,1,0,17.35,24.28,0,32,0,0,34,23.6
1,1,0,0,0,0,32,34,0,0,23.6
2,1,0,0,12.14,0,32,0,0,0,0
1,1,14.59,0,24.28,0,32,0,0,0,23.6
1,1,0,17.35,24.28,33,0,34,35,0,23.6
1,1,0,17.35,12.14,0,0,0,0,34,23.6
2,1,14.59,0,12.14,0,0,34,0,34,23.6
2,1,14.59,0,24.28,0,0,0,0,0,23.6
2,1,29.18,0,24.28,0,0,0,0,34,0
2,1,14.59,17.35,24.28,0,32,0,0,0,23.6
2,1,14.59,0,12.14,0,0,34,35,34,0
2,1,0,17.35,12.14,33,32,34,0,34,23.6
2,1,0,0,12.14,0,0,0,0,34,23.6
2,1,14.59,0,12.14,0,0,0,0,68,47.2
2,1,14.59,0,24.28,0,0,0,0,34,0
2,1,14.59,0,24.28,0,0,0,0,0,0
1,1,14.59,17.35,24.28,0,0,0,0,0,47.2
2,1,0,0,24.28,0,0,0,0,0,47.2
2,1,0,0,12.14,0,0,0,35,34,23.6
2,1,0,17.35,24.28,33,0,34,0,34,0
1,1,0,0,0,0,0,0,0,0,23.6
1,1,14.59,0,12.14,0,0,0,0,34,47.2
2,1,0,0,0,0,0,0,35,0,47.2
2,1,14.59,0,24.28,0,32,0,0,0,23.6
1,1,0,0,12.14,0,0,34,0,34,47.2
1,1,0,0,12.14,0,0,34,35,34,0
1,1,14.59,0,0,0,32,0,0,0,23.6
2,1,0,0,0,0,0,68,0,0,47.2
1,1,14.59,0,12.14,0,0,0,0,0,23.6
2,1,0,0,12.14,0,0,0,0,0,47.2
2,1,14.59,0,24.28,0,32,0,0,0,47.2
2,1,29.18,0,24.28,0,64,0,0,34,23.6
2,1,0,0,24.28,0,0,0,0,0,23.6
2,1,0,0,12.14,33,0,0,0,0,23.6
1,1,14.59,17.35,12.14,0,0,0,0,0,23.6
1,1,0,34.7,12.14,0,0,0,0,34,0
1,1,14.59,0,24.28,0,32,0,0,0,47.2
2,1,0,0,24.28,0,32,0,0,0,47.2
2,1,0,0,12.14,33,0,0,0,0,23.6
1,1,14.59,17.35,24.28,0,0,0,0,0,47.2
1,1,14.59,0,12.14,0,32,0,0,0,47.2
2,1,14.59,0,12.14,0,32,0,0,0,47.2
2,1,29.18,0,24.28,0,32,0,0,34,23.6
1,1,14.59,0,12.14,33,0,34,0,0,23.6
1,1,14.59,0,12.14,0,0,0,0,0,23.6
2,1,0,17.35,12.14,0,0,0,0,34,23.6
2,1,14.59,0,24.28,0,0,0,0,0,0
1,1,0,17.35,12.14,0,32,0,0,34,47.2
1,1,0,0,12.14,0,0,0,0,34,23.6
1,1,14.59,0,24.28,0,0,0,0,0,0
2,1,0,0,12.14,0,0,0,0,0,47.2
1,1,14.59,17.35,12.14,0,0,0,0,0,47.2
1,1,0,34.7,12.14,0,0,0,0,0,47.2
1,1,29.18,0,24.28,0,0,0,0,0,23.6
2,1,0,17.35,12.14,33,0,0,0,34,47.2
1,1,0,0,12.14,0,0,0,0,34,23.6
2,1,14.59,0,12.14,0,32,0,0,0,47.2
2,1,0,0,12.14,0,0,34,0,34,23.6
2,1,14.59,0,24.28,0,0,0,0,0,23.6
2,1,0,0,0,0,32,0,0,0,47.2
1,1,0,0,12.14,33,32,68,0,0,23.6
2,1,0,0,0,0,32,0,0,0,23.6
2,1,0,17.35,0,0,32,34,0,0,23.6
1,1,14.59,0,24.28,0,32,0,0,0,47.2
2,1,14.59,0,12.14,0,32,0,0,0,0
1,1,14.59,0,24.28,0,32,0,0,34,23.6
2,1,0,0,0,0,0,0,35,0,23.6
2,1,0,0,0,0,0,0,35,0,23.6
2,1,0,17.35,0,0,64,0,0,0,23.6
1,1,0,17.35,0,0,0,0,0,0,47.2
2,1,0,0,12.14,0,32,0,0,0,47.2
1,1,14.59,0,12.14,0,0,0,0,34,47.2
2,1,14.59,0,24.28,33,0,0,0,0,47.2
2,1,0,0,12.14,33,0,0,0,0,47.2
1,1,0,17.35,0,33,0,0,0,0,0
1,1,14.59,17.35,24.28,0,0,0,0,0,23.6
1,1,14.59,17.35,12.14,0,0,0,0,0,0
1,1,29.18,0,24.28,0,0,0,0,34,23.6
2,1,0,0,0,0,0,34,0,0,47.2
2,1,29.18,0,24.28,0,32,0,0,0,47.2
1,1,14.59,0,12.14,0,0,0,0,68,47.2
2,1,14.59,0,24.28,33,32,0,0,34,47.2
1,1,14.59,17.35,24.28,0,0,0,0,0,23.6
2,1,14.59,0,12.14,0,0,34,0,0,47.2
2,1,0,0,0,33,32,34,0,0,47.2
2,1,14.59,0,24.28,33,0,0,0,0,23.6
1,1,0,0,0,33,0,0,0,34,47.2
1,1,0,0,0,0,0,0,0,34,23.6
2,1,14.59,0,12.14,66,0,0,0,68,23.6
1,1,29.18,0,24.28,0,0,0,0,0,47.2
1,1,0,0,12.14,0,0,0,0,0,23.6
2,1,14.59,0,12.14,0,32,0,0,68,0
2,1,14.59,0,0,0,0,0,0,0,23.6
2,1,14.59,0,12.14,0,32,0,0,0,23.6
2,1,0,17.35,12.14,33,0,34,0,0,23.6
2,1,0,0,12.14,0,64,34,35,0,47.2
1,1,14.59,0,24.28,0,0,0,35,0,23.6
2,1,14.59,0,12.14,0,0,0,0,0,23.6
2,1,0,0,0,0,0,0,0,0,0
2,1,0,0,12.14,0,32,0,0,0,23.6
2,1,29.18,0,24.28,0,32,0,35,0,23.6
2,1,0,0,0,0,32,0,35,0,23.6
2,1,14.59,0,12.14,0,0,0,0,0,23.6
2,1,0,0,12.14,0,32,34,0,0,47.2
2,1,0,0,0,0,0,34,0,34,0
2,1,0,0,12.14,0,32,0,0,34,47.2
2,1,14.59,0,12.14,0,0,34,0,34,0
1,1,14.59,0,12.14,0,0,0,0,34,0
1,1,0,0,0,0,0,34,0,0,0
2,1,0,0,0,0,32,34,0,0,0
2,1,14.59,0,12.14,0,32,68,0,0,23.6
2,1,0,17.35,12.14,0,32,0,35,0,23.6
2,1,0,0,0,0,0,68,0,34,23.6
2,1,0,0,0,0,0,34,0,0,23.6
1,1,14.59,0,12.14,0,0,34,0,34,0
1,1,0,0,12.14,33,0,0,0,0,0
2,1,0,0,0,0,0,68,0,0,47.2
1,1,14.59,0,24.28,0,0,0,0,0,0
2,1,0,0,0,0,0,0,0,0,23.6
1,1,14.59,0,12.14,0,32,34,0,0,0
2,1,0,0,12.14,0,0,0,0,34,0
2,1,0,0,12.14,0,0,0,0,0,23.6
1,1,0,0,0,0,0,0,0,34,23.6
2,1,0,0,24.28,0,0,0,0,0,23.6
2,1,14.59,0,12.14,33,32,0,0,0,23.6
1,1,0,0,12.14,0,0,0,0,0,0
2,1,0,0,12.14,0,0,0,0,0,47.2
1,1,14.59,17.35,24.28,0,32,0,0,34,23.6
2,1,0,0,12.14,0,32,0,0,34,23.6
2,1,14.59,0,12.14,0,0,0,0,34,47.2
2,1,14.59,0,24.28,0,0,34,35,0,23.6
1,2,14.59,17.35,12.14,0,0,0,0,0,23.6
1,1,14.59,0,12.14,0,32,0,0,0,0
1,1,14.59,0,12.14,0,32,68,0,0,0
1,2,14.59,17.35,12.14,0,0,0,0,34,0
2,2,14.59,17.35,12.14,0,0,34,0,0,0
2,2,0,0,24.28,0,0,0,0,0,0
1,1,0,0,24.28,0,0,34,0,0,23.6
2,1,0,17.35,0,0,32,34,0,0,47.2
1,2,14.59,0,24.28,0,0,34,0,34,23.6
2,2,14.59,0,24.28,0,0,34,0,0,0
1,2,0,17.35,12.14,0,0,34,0,0,0
1,2,0,17.35,12.14,0,0,0,0,34,0
1,1,14.59,0,24.28,0,32,0,0,0,23.6
1,2,14.59,17.35,12.14,0,0,68,0,0,0
1,1,14.59,0,24.28,0,0,34,35,0,0
2,1,0,17.35,12.14,0,0,34,0,0,23.6
2,2,0,17.35,0,0,32,34,0,34,23.6
2,2,14.59,0,12.14,0,32,34,0,0,0
1,2,14.59,0,24.28,0,32,0,0,0,0
2,1,0,17.35,12.14,0,0,0,0,0,23.6
2,1,14.59,17.35,12.14,0,0,34,0,0,0
2,2,0,17.35,0,0,0,0,0,0,0
2,1,0,0,12.14,0,0,0,0,34,23.6
1,1,0,0,12.14,33,0,0,0,0,23.6
2,2,0,17.35,12.14,33,0,0,0,0,47.2
2,2,0,0,0,0,0,0,0,0,47.2
2,2,0,0,0,0,0,34,0,0,23.6
1,1,14.59,0,12.14,0,32,68,0,0,23.6
1,2,0,0,0,0,0,34,0,0,0
2,2,0,0,12.14,0,0,34,0,0,23.6
2,2,0,17.35,12.14,0,0,0,0,34,0
2,1,29.18,0,24.28,0,0,0,0,0,0
1,2,14.59,17.35,24.28,0,0,68,0,0,0
2,1,0,0,0,33,0,34,0,0,0
2,1,0,0,24.28,0,32,34,0,34,23.6
2,2,0,0,24.28,0,0,0,0,34,0
2,2,0,17.35,12.14,33,0,34,0,0,23.6
2,2,0,17.35,0,33,32,34,0,0,23.6
2,2,0,0,0,0,0,0,0,0,47.2
2,2,0,0,0,0,0,34,0,0,23.6
2,1,0,0,0,0,0,34,0,0,23.6
1,2,14.59,17.35,12.14,0,32,0,0,0,23.6
2,2,14.59,17.35,12.14,0,0,0,0,0,0
2,2,0,17.35,0,0,32,0,0,34,0
2,2,14.59,0,24.28,33,0,34,0,34,0
2,2,0,17.35,12.14,0,0,34,0,0,23.6
2,2,14.59,0,12.14,0,0,34,35,0,0
2,1,0,0,0,0,0,34,0,0,0
2,1,0,0,0,0,32,34,0,0,0
1,1,0,17.35,12.14,0,0,0,0,0,23.6
1,2,0,34.7,0,0,0,34,0,0,47.2
2,2,0,17.35,0,0,0,0,0,0,0
2,2,14.59,0,24.28,0,0,34,0,0,0
2,2,0,17.35,12.14,33,0,0,0,0,47.2
2,1,0,17.35,12.14,33,0,0,0,0,0
1,2,0,17.35,12.14,0,0,0,0,34,0
2,2,0,0,0,0,32,68,0,0,0
2,2,0,0,0,0,0,0,0,0,0
2,2,14.59,0,12.14,0,0,0,0,0,23.6
1,1,0,0,12.14,0,0,0,35,0,47.2
2,2,14.59,17.35,12.14,0,0,0,0,34,0
2,2,0,0,24.28,33,0,0,0,0,23.6
2,2,0,0,12.14,33,0,0,0,0,0
2,2,14.59,17.35,12.14,33,0,68,0,0,23.6
1,1,0,0,12.14,0,0,34,0,0,23.6
2,2,0,17.35,12.14,0,0,34,0,0,23.6
1,2,0,0,0,0,0,34,0,0,23.6
1,1,0,0,12.14,0,0,0,0,0,23.6
1,2,0,0,0,33,0,34,0,0,0
2,1,0,0,12.14,0,0,0,0,0,23.6
2,2,0,0,12.14,33,0,0,0,0,23.6
2,2,0,34.7,0,0,0,0,0,0,23.6
2,2,0,0,24.28,33,32,34,0,0,23.6
2,2,14.59,0,12.14,0,0,0,0,0,23.6
1,2,14.59,0,12.14,0,0,68,0,0,0
2,2,14.59,0,12.14,0,0,0,0,0,0
2,2,0,0,12.14,33,0,68,0,0,47.2
2,2,0,0,0,0,0,34,0,0,0
1,2,0,0,0,33,0,0,0,0,23.6
1,1,0,0,0,0,0,34,0,0,23.6
2,2,14.59,0,12.14,0,32,0,0,0,23.6
2,1,0,17.35,0,0,0,0,0,0,23.6
1,1,0,17.35,0,0,0,0,0,0,47.2
1,1,14.59,17.35,12.14,0,0,0,0,0,23.6
2,2,0,0,0,0,0,0,0,0,0
2,2,0,0,0,0,32,34,0,0,0
2,2,14.59,0,24.28,0,0,0,0,0,0
2,1,0,0,0,0,0,0,0,0,23.6
2,2,0,17.35,0,0,0,0,0,0,47.2
2,2,0,17.35,12.14,0,0,34,0,0,23.6
1,1,0,17.35,0,0,0,0,0,0,23.6
2,2,0,17.35,0,0,0,0,0,0,23.6
2,2,14.59,0,12.14,0,0,0,35,0,0
2,2,0,17.35,0,0,0,68,0,0,0
1,2,0,0,0,0,0,34,0,34,23.6
2,1,0,0,24.28,0,0,34,0,0,0
2,2,14.59,0,12.14,0,0,0,0,0,23.6
1,1,14.59,0,12.14,0,0,34,0,0,0
1,2,0,0,12.14,0,0,0,0,0,23.6
2,2,0,17.35,0,0,0,0,0,0,23.6
2,2,0,17.35,0,0,0,0,0,0,0
2,2,0,0,0,0,0,0,35,0,23.6
2,2,0,0,12.14,0,0,0,0,0,47.2
1,2,0,0,0,33,0,0,35,0,23.6
2,2,0,0,0,0,0,0,35,0,0
2,2,0,0,0,0,32,0,0,0,0
2,2,0,0,12.14,0,0,68,0,0,0
2,2,0,17.35,12.14,33,0,0,0,0,23.6
2,2,0,0,0,0,0,34,0,0,0
2,2,14.59,17.35,12.14,0,0,0,0,0,0
2,1,0,0,12.14,0,0,0,0,0,0
2,1,0,17.35,0,0,0,34,0,0,0
1,2,0,0,12.14,0,0,68,0,0,23.6
1,2,14.59,0,12.14,0,0,0,0,0,47.2
2,1,0,0,24.28,0,0,0,35,0,0
1,1,14.59,0,12.14,0,0,34,0,34,23.6
2,1,0,0,0,0,32,34,0,0,23.6
1,1,0,0,12.14,0,0,34,35,34,23.6
2,2,0,0,12.14,0,0,34,0,0,0
2,2,0,0,12.14,0,0,34,0,0,0
2,2,0,0,0,0,0,68,0,0,23.6
2,1,14.59,0,24.28,0,0,34,0,34,0
2,1,0,0,0,0,0,34,0,0,23.6
2,1,0,17.35,0,33,0,68,0,0,23.6
2,2,0,0,0,66,32,68,0,0,23.6
1,2,0,0,0,0,32,34,0,0,0
2,2,14.59,0,12.14,0,0,0,0,34,23.6
1,2,14.59,0,12.14,0,0,34,0,0,0
2,1,0,0,0,0,0,34,0,0,0
1,2,0,0,0,0,0,68,0,0,0
2,2,14.59,0,12.14,0,32,34,0,34,23.6
2,2,0,17.35,24.28,0,0,34,0,0,0
2,1,0,0,12.14,0,0,0,0,34,23.6
1,1,0,0,12.14,33,32,34,0,0,23.6
2,2,0,0,24.28,0,0,0,0,0,23.6
2,2,14.59,0,12.14,0,32,68,0,0,23.6
1,2,0,0,12.14,0,0,68,35,0,23.6
2,2,0,0,12.14,0,0,34,0,0,0
2,2,0,34.7,0,0,32,34,35,0,23.6
2,2,14.59,17.35,12.14,33,0,34,35,0,23.6
2,2,0,0,0,33,0,34,0,0,23.6
2,2,29.18,0,12.14,0,0,0,0,0,23.6
1,2,14.59,0,12.14,0,0,0,0,0,47.2
2,2,0,0,0,0,0,34,0,0,0
2,1,0,17.35,12.14,66,0,34,0,0,23.6
1,2,0,17.35,0,66,0,34,0,0,0
2,2,0,0,0,0,0,0,35,34,23.6
1,2,0,17.35,0,0,0,0,0,0,23.6
2,2,0,0,12.14,0,0,0,0,0,23.6
2,1,0,17.35,0,33,0,0,0,0,23.6
2,2,14.59,0,12.14,0,0,34,0,68,0
2,2,0,0,0,0,0,34,0,0,23.6
1,2,0,17.35,0,33,0,0,35,0,23.6
2,2,14.59,17.35,12.14,33,0,68,0,0,23.6
1,2,0,17.35,0,0,0,68,0,0,47.2
2,2,14.59,0,24.28,33,0,0,0,0,23.6
1,2,0,0,12.14,0,64,34,0,0,23.6
1,2,0,0,12.14,0,32,0,35,0,23.6
2,1,0,0,0,0,32,0,0,0,47.2
2,2,0,0,0,0,0,0,0,0,0
1,2,0,0,12.14,0,0,0,0,0,0
2,1,0,0,12.14,0,0,34,0,0,47.2
2,2,0,17.35,0,33,0,68,0,0,23.6
1,2,14.59,17.35,12.14,33,0,34,0,0,23.6
1,2,0,0,0,0,0,34,0,0,0
2,2,14.59,17.35,12.14,66,0,34,0,0,47.2
2,1,0,0,12.14,33,64,34,0,0,23.6
2,2,14.59,0,24.28,0,0,34,0,0,0
1,2,14.59,0,12.14,0,0,0,0,34,23.6
2,1,0,17.35,0,33,0,0,0,0,23.6
2,2,0,34.7,24.28,33,0,0,0,0,47.2
1,2,14.59,17.35,12.14,0,32,0,0,34,0
2,2,14.59,0,12.14,33,0,68,0,34,23.6
2,2,0,17.35,12.14,0,32,34,35,34,23.6
2,2,0,17.35,12.14,0,0,68,0,0,23.6
2,2,0,0,0,0,32,34,0,0,0
1,2,14.59,0,24.28,0,32,0,0,0,23.6
1,1,14.59,0,12.14,0,0,0,0,0,23.6
2,2,0,0,0,0,0,0,0,34,23.6
2,2,0,0,12.14,66,0,34,0,0,0
2,2,0,0,0,33,64,34,35,0,0
1,2,0,0,12.14,0,0,34,0,34,0
1,1,14.59,0,12.14,0,0,0,0,0,47.2
2,2,0,0,12.14,0,32,34,0,0,23.6
2,2,14.59,0,12.14,0,0,34,0,0,23.6
2,2,14.59,17.35,12.14,0,0,68,0,0,47.2
2,2,14.59,0,12.14,0,0,0,0,0,0
1,2,0,17.35,0,0,0,34,0,0,0
2,2,0,0,12.14,66,0,0,0,0,0
2,2,0,0,12.14,0,0,34,0,34,23.6
1,2,14.59,0,12.14,0,0,34,0,0,0
1,1,14.59,17.35,24.28,0,0,68,0,0,23.6
2,2,0,0,0,0,0,0,0,0,23.6
2,1,14.59,0,12.14,0,0,68,35,0,47.2
2,2,14.59,17.35,12.14,0,64,0,0,0,0
2,1,0,17.35,0,33,32,0,0,0,0
2,2,0,0,0,33,0,0,0,0,0
2,2,14.59,0,12.14,0,0,34,0,0,0
2,2,0,0,0,0,0,34,0,0,0
1,1,0,0,12.14,33,32,0,0,0,0
2,2,14.59,0,12.14,0,0,0,0,0,23.6
1,1,14.59,0,12.14,0,0,0,0,0,47.2
2,2,0,0,24.28,0,32,0,0,0,23.6
2,2,0,0,0,0,0,34,0,0,47.2
1,2,0,0,0,0,0,34,0,0,23.6
2,1,0,17.35,12.14,0,0,34,0,0,0
2,2,14.59,17.35,24.28,0,0,34,0,0,23.6
1,2,0,0,0,0,0,34,0,0,0
2,2,0,0,0,66,32,0,0,0,0
2,2,0,17.35,0,0,32,0,0,0,0
2,2,0,0,12.14,0,0,34,0,0,23.6
2,2,0,17.35,0,33,32,34,35,0,47.2
2,2,0,17.35,0,0,32,0,0,0,23.6
1,2,0,34.7,0,0,32,0,0,0,0
2,2,14.59,0,12.14,33,0,34,0,34,0
2,2,14.59,0,0,0,32,0,0,0,0
2,2,0,0,0,0,0,0,0,0,23.6
1,2,0,0,0,0,0,34,0,0,23.6
2,2,0,0,24.28,0,0,34,0,0,23.6
1,2,0,0,24.28,0,0,0,0,0,0
2,2,14.59,17.35,12.14,0,0,34,0,34,0
2,1,0,0,0,0,32,0,0,0,0
1,2,0,0,0,0,0,0,0,0,23.6
1,2,0,0,12.14,0,0,34,0,0,23.6
2,2,0,0,0,33,32,0,0,0,23.6
1,2,0,0,24.28,0,0,34,0,0,23.6
1,1,0,0,24.28,0,0,34,0,0,23.6
2,2,0,17.35,12.14,0,0,0,0,34,23.6
1,2,0,17.35,0,0,0,34,0,0,0
2,1,0,0,0,0,0,34,0,34,0
2,2,0,34.7,12.14,0,0,34,0,0,23.6
2,2,14.59,0,12.14,0,64,0,0,0,0
2,2,0,0,12.14,0,32,0,0,0,23.6
2,2,14.59,0,12.14,33,0,68,0,34,23.6
2,2,0,0,0,33,0,0,0,34,0
2,2,29.18,0,24.28,0,0,0,35,34,0
2,2,0,0,12.14,0,0,68,0,0,23.6
2,2,0,0,12.14,33,0,0,35,34,0
2,2,14.59,0,12.14,0,0,0,0,0,23.6
1,1,14.59,0,24.28,0,32,0,0,34,0
1,2,29.18,0,24.28,33,0,0,0,0,47.2
1,1,29.18,0,12.14,0,32,0,0,0,23.6
2,2,0,17.35,0,33,0,34,0,0,0
2,2,0,0,0,0,0,0,0,0,0
2,2,14.59,0,12.14,33,0,68,0,34,23.6
2,2,14.59,0,12.14,0,0,34,0,0,23.6
2,2,14.59,0,12.14,0,32,0,0,0,47.2
2,2,0,0,0,0,0,34,0,0,23.6
1,2,14.59,0,12.14,0,0,0,0,0,0
2,2,14.59,17.35,12.14,0,32,0,0,0,0
2,2,0,0,12.14,0,32,0,0,0,23.6
2,2,0,17.35,12.14,33,0,0,0,34,0
2,2,29.18,0,24.28,33,32,34,0,0,23.6
1,2,0,34.7,0,0,0,0,0,0,0
1,2,14.59,0,12.14,0,0,34,0,68,0
1,2,0,17.35,0,0,0,68,0,0,0
2,2,0,0,12.14,0,32,34,0,34,23.6
2,2,0,17.35,0,33,0,0,0,0,0
2,1,0,0,0,33,32,34,0,0,23.6
2,1,0,17.35,12.14,0,32,0,0,34,0
2,2,0,17.35,0,33,0,0,0,0,0
2,2,0,0,12.14,0,0,0,0,0,0
2,2,29.18,0,24.28,0,0,0,0,0,0
1,2,0,0,12.14,33,32,68,0,0,0
2,2,14.59,0,24.28,0,0,0,0,0,47.2
2,2,14.59,0,12.14,0,0,34,0,0,47.2
2,2,29.18,0,24.28,0,0,0,0,34,0
2,2,0,17.35,0,0,0,0,0,34,23.6
2,2,0,17.35,0,33,32,34,0,0,23.6
2,2,0,0,0,33,32,34,0,0,23.6
1,2,14.59,0,12.14,0,0,0,0,34,23.6
2,2,0,0,0,0,32,34,0,0,23.6
2,1,0,0,12.14,0,0,0,0,0,23.6
1,2,0,34.7,0,0,0,0,0,34,0
2,1,0,0,0,0,0,0,0,34,0
2,1,14.59,0,24.28,0,0,0,35,0,0
1,1,14.59,0,24.28,0,0,0,0,0,0
2,1,0,17.35,0,0,0,34,0,0,47.2
2,1,14.59,0,24.28,0,0,0,0,0,23.6
1,1,0,0,0,33,0,68,0,0,23.6
2,2,0,17.35,0,0,0,0,0,0,23.6
2,2,0,17.35,12.14,0,32,34,0,0,0
2,1,0,34.7,12.14,0,32,0,0,0,0
2,2,14.59,17.35,12.14,0,0,34,0,0,0
2,2,14.59,0,24.28,0,0,0,0,0,0
1,2,0,17.35,12.14,0,0,34,0,34,0
2,2,0,0,24.28,33,0,0,0,0,0
1,1,0,0,0,0,0,68,0,0,47.2
1,1,14.59,17.35,0,0,32,34,0,0,23.6
1,2,29.18,0,24.28,0,0,34,0,0,23.6
2,1,0,17.35,12.14,0,0,34,0,0,47.2
2,2,0,17.35,0,0,0,0,0,34,0
1,2,0,0,0,0,0,34,0,0,47.2
1,2,0,0,12.14,0,0,0,0,0,23.6
2,2,14.59,17.35,12.14,0,32,34,0,34,23.6
2,2,0,0,24.28,33,0,0,0,0,47.2
2,2,14.59,0,12.14,0,32,34,0,0,0
2,1,0,17.35,0,0,0,34,0,34,23.6
1,1,0,0,12.14,33,0,0,35,0,0
2,2,0,0,0,0,32,0,0,0,0
2,2,0,17.35,12.14,0,0,34,0,0,23.6
2,2,0,0,12.14,33,0,0,0,0,23.6
2,2,14.59,0,12.14,33,32,34,0,0,23.6
1,2,0,0,12.14,0,0,0,0,0,23.6
2,2,0,34.7,12.14,33,0,68,0,34,47.2
1,2,0,17.35,12.14,0,0,34,0,0,23.6
2,2,0,17.35,0,0,0,0,0,0,23.6
2,1,0,0,0,33,32,0,35,0,23.6
2,2,0,0,24.28,33,0,34,0,0,23.6
1,2,0,0,0,0,32,0,0,0,23.6
2,2,0,0,24.28,0,0,34,35,0,0
1,1,0,0,0,0,0,0,0,0,0
2,2,14.59,0,12.14,33,0,0,35,0,0
2,2,0,0,0,0,0,0,0,0,23.6
1,1,29.18,0,24.28,0,0,34,0,0,23.6
2,2,0,0,0,0,0,34,0,0,0
2,2,0,0,12.14,33,32,0,0,0,23.6
2,2,0,0,0,0,0,0,0,0,0
2,1,0,0,12.14,33,0,68,0,0,0
2,2,0,0,12.14,66,0,34,0,0,47.2
2,2,0,17.35,0,0,0,34,0,0,23.6
2,2,0,0,0,0,64,0,0,0,0
2,2,0,17.35,12.14,0,32,34,0,0,0
2,2,0,0,12.14,0,32,0,0,0,23.6
2,2,14.59,0,12.14,33,0,0,0,0,23.6
1,2,0,0,12.14,0,0,34,0,0,23.6
1,2,0,34.7,12.14,0,0,0,0,0,0
2,1,0,34.7,0,0,0,34,0,0,23.6
2,1,0,0,12.14,0,32,0,0,0,0
1,2,0,17.35,0,0,0,34,0,0,0
1,2,0,0,0,33,0,0,0,0,23.6
1,2,14.59,0,0,0,0,34,0,0,47.2
2,1,0,0,0,0,32,0,0,0,0
2,2,0,0,0,0,32,68,0,0,23.6
2,2,14.59,17.35,12.14,0,0,34,0,0,23.6
2,1,14.59,0,12.14,0,0,68,35,0,0
2,2,0,0,0,33,32,0,0,0,47.2
1,1,0,17.35,0,0,32,0,0,0,0
2,1,0,0,12.14,66,0,34,0,0,0
1,2,0,0,24.28,0,0,0,0,0,47.2
2,2,0,0,0,0,0,68,0,34,0
2,2,0,17.35,0,33,0,34,0,0,23.6
2,2,0,0,12.14,0,32,0,0,68,23.6
2,1,0,17.35,0,0,32,0,0,0,23.6
2,2,0,0,24.28,0,32,0,0,0,0
2,2,0,0,0,0,64,34,35,0,23.6
2,2,0,17.35,12.14,0,32,68,0,0,0
2,2,0,0,0,0,0,0,0,0,0
2,2,0,17.35,0,33,0,34,0,0,23.6
2,2,0,0,12.14,0,0,34,0,34,23.6
2,2,0,0,12.14,0,0,34,0,0,0
1,2,0,0,12.14,0,0,34,0,0,23.6
1,2,0,0,0,0,32,0,0,0,23.6
2,2,0,0,12.14,0,0,34,0,0,0
2,2,0,0,12.14,0,0,34,0,0,23.6
2,2,0,0,12.14,0,0,0,0,0,23.6
2,2,14.59,17.35,12.14,0,0,0,0,34,0
2,2,0,17.35,0,0,0,0,0,0,0
2,2,0,0,0,0,0,68,0,0,23.6
2,2,0,0,12.14,0,0,34,0,0,0
2,2,14.59,0,12.14,0,32,0,0,0,0
2,2,0,17.35,12.14,0,0,0,0,0,23.6
2,2,29.18,0,24.28,0,0,0,0,0,0
1,2,0,34.7,12.14,0,0,34,35,34,23.6
2,2,0,0,0,0,0,34,0,0,23.6
2,2,0,17.35,0,0,0,0,0,0,23.6
1,1,0,0,0,33,32,0,0,0,47.2
2,2,14.59,0,12.14,0,0,34,0,0,23.6
2,2,0,0,0,0,0,34,0,0,0
2,2,14.59,17.35,12.14,0,0,34,0,0,23.6
1,1,29.18,0,24.28,0,0,0,0,0,23.6
1,2,0,0,12.14,0,0,0,0,0,0
2,2,14.59,0,12.14,0,0,0,35,0,23.6
1,2,0,34.7,12.14,0,32,0,0,0,0
2,2,0,34.7,0,0,32,34,35,0,0
2,2,0,0,0,0,0,34,35,0,0
1,2,0,0,0,0,0,34,0,0,0
2,2,14.59,0,12.14,33,0,0,0,0,23.6
2,2,0,34.7,12.14,0,0,34,0,0,23.6
2,2,14.59,0,12.14,0,0,0,0,0,23.6
1,2,14.59,0,12.14,0,0,0,0,34,0
2,2,0,0,12.14,0,0,0,0,0,0
2,1,14.59,17.35,12.14,0,0,68,0,0,23.6
2,2,0,17.35,12.14,33,32,0,0,0,0
2,2,14.59,0,12.14,0,32,0,35,0,47.2
2,2,14.59,0,12.14,0,0,34,0,34,23.6
2,2,0,0,12.14,33,0,0,0,0,23.6
2,2,0,0,12.14,0,0,0,35,0,23.6
2,2,14.59,0,24.28,0,0,34,0,0,0
2,2,0,17.35,0,33,0,34,0,0,47.2
2,2,0,0,12.14,0,32,0,0,0,0
1,1,0,0,12.14,0,0,34,0,0,0
2,2,0,0,0,0,32,0,0,0,0
2,1,0,17.35,0,33,32,34,35,0,23.6
2,2,14.59,0,12.14,0,0,34,0,34,23.6
1,2,14.59,0,12.14,0,0,0,35,0,23.6
2,2,0,17.35,12.14,0,0,34,70,0,47.2
2,2,0,17.35,0,0,64,34,35,0,0
2,2,14.59,0,24.28,0,0,34,0,0,23.6
2,2,14.59,0,12.14,0,0,68,0,0,0
2,2,0,34.7,0,0,0,34,0,0,0
1,2,0,0,0,0,0,34,0,0,47.2
2,2,0,0,12.14,66,0,0,0,0,0
2,2,29.18,0,12.14,0,0,0,0,0,0
2,2,14.59,17.35,24.28,0,0,68,0,0,0
2,2,0,0,0,0,0,34,0,0,0
2,2,0,0,0,0,32,34,0,0,0
2,2,0,0,0,0,0,34,0,0,0
2,2,0,0,0,0,0,0,0,0,23.6
2,2,0,34.7,0,33,0,34,35,0,23.6
2,1,14.59,17.35,12.14,0,0,0,0,0,23.6
1,2,0,0,0,0,0,0,0,0,0
1,1,0,34.7,0,0,0,0,0,0,0
2,2,14.59,0,24.28,0,0,0,0,0,47.2
2,2,0,17.35,0,33,0,34,0,0,0
2,2,0,0,0,0,0,34,0,0,23.6
2,2,0,0,12.14,0,0,0,0,34,0
2,2,0,0,0,0,0,34,0,0,23.6
2,2,14.59,0,12.14,0,0,0,0,34,23.6
2,2,0,0,12.14,0,32,0,0,34,0
2,2,0,0,0,0,0,0,35,34,0
2,2,0,0,12.14,0,0,34,0,34,0
2,2,0,0,12.14,0,0,0,0,34,0
2,2,0,0,12.14,0,0,34,0,0,23.6
2,2,0,0,12.14,0,32,34,70,0,23.6
2,2,14.59,17.35,12.14,33,0,68,0,0,47.2
2,2,0,0,0,0,0,0,0,0,0
1,2,0,0,0,0,0,0,0,0,23.6
1,2,0,0,0,0,0,0,0,0,0
2,2,0,0,0,0,0,0,0,0,0
2,2,0,0,12.14,0,0,34,0,0,23.6
1,2,14.59,0,12.14,33,0,0,0,0,0
1,2,0,17.35,12.14,0,0,0,0,34,0
2,2,0,34.7,0,0,0,34,0,34,0
2,2,0,0,0,0,0,0,0,0,0
2,2,14.59,0,12.14,0,0,0,0,0,23.6
2,2,0,0,12.14,0,0,0,0,0,23.6
2,2,14.59,17.35,12.14,0,0,0,0,0,0
2,2,0,17.35,12.14,0,0,0,0,0,23.6
2,2,0,17.35,0,0,0,0,0,34,0
1,1,0,17.35,0,0,0,0,0,0,0
2,2,0,0,12.14,0,0,34,0,0,23.6
2,2,0,34.7,24.28,33,32,0,0,0,47.2
1,2,14.59,17.35,12.14,0,0,0,0,0,0
2,2,14.59,17.35,12.14,0,0,0,0,0,23.6
2,2,0,17.35,12.14,0,0,34,0,0,23.6
2,2,0,0,12.14,0,0,34,0,0,0
2,2,0,0,12.14,0,0,34,0,34,23.6
2,2,0,0,12.14,0,0,34,0,34,23.6
2,2,29.18,0,24.28,0,0,0,0,0,47.2
2,2,14.59,0,24.28,0,32,0,0,0,23.6
2,2,0,17.35,0,0,32,0,0,0,47.2
2,2,0,17.35,12.14,0,0,0,0,0,23.6
2,2,0,0,0,33,0,34,0,0,0
1,2,0,34.7,0,0,0,0,0,0,0
2,2,0,0,0,33,0,0,0,0,0
1,2,0,17.35,12.14,33,0,34,0,0,23.6
2,2,0,34.7,0,33,0,34,0,0,47.2
2,2,0,0,12.14,0,0,0,0,0,0
2,2,0,0,12.14,0,0,0,0,0,0
2,2,0,0,12.14,0,0,0,0,0,0
2,2,0,0,24.28,0,32,34,0,0,23.6
1,2,0,0,0,0,0,0,0,0,0
2,2,0,0,12.14,0,32,0,0,0,23.6
2,2,0,0,0,33,0,34,0,0,23.6
2,2,0,0,12.14,0,0,34,0,0,0
2,2,0,0,12.14,0,0,34,0,0,23.6
2,2,0,17.35,12.14,0,0,0,0,34,0
1,1,0,17.35,12.14,0,0,34,35,0,0
2,2,0,0,12.14,0,0,0,35,0,23.6
2,2,0,0,0,0,0,34,35,0,23.6
2,2,0,0,0,0,0,68,0,0,23.6
1,1,0,0,24.28,0,0,0,35,0,0
2,2,0,0,0,0,0,34,35,0,23.6
1,2,0,17.35,12.14,0,0,34,0,0,23.6
2,1,14.59,17.35,12.14,0,0,0,35,0,23.6
2,2,0,34.7,12.14,33,64,0,0,0,23.6
2,2,0,0,12.14,0,0,34,0,0,23.6
2,2,0,0,12.14,0,0,34,35,0,23.6
2,2,0,0,0,0,0,0,35,34,47.2
2,2,0,0,0,0,0,34,35,34,23.6
1,2,0,0,12.14,0,0,34,35,0,23.6
1,2,0,0,12.14,0,0,0,0,34,23.6
2,2,0,17.35,12.14,0,0,0,0,0,0
2,2,0,17.35,12.14,0,0,68,0,0,0
2,2,0,0,12.14,33,0,0,0,0,0
2,2,0,0,0,0,0,0,35,0,47.2
1,2,0,0,0,0,0,0,35,0,0
1,2,0,0,12.14,0,0,34,0,0,0
2,2,14.59,17.35,12.14,0,32,0,0,0,23.6
2,2,0,34.7,12.14,0,0,0,0,0,0
2,2,14.59,17.35,12.14,0,0,0,35,0,23.6
2,2,14.59,0,12.14,0,0,34,0,34,47.2
2,2,0,0,0,0,0,34,0,0,23.6
1,2,0,17.35,12.14,33,0,34,0,0,0
2,1,14.59,0,12.14,0,32,34,0,0,23.6
1,2,0,0,12.14,33,32,34,0,0,23.6
1,2,0,0,0,0,0,0,0,0,23.6
2,2,14.59,0,24.28,0,0,34,35,34,0
1,2,0,0,12.14,33,0,34,0,34,23.6
2,2,14.59,0,12.14,0,0,0,35,34,23.6
2,2,0,17.35,0,0,0,0,0,0,23.6
2,2,0,0,24.28,0,0,34,0,0,23.6
2,2,0,0,0,33,0,0,0,34,0
1,2,0,0,12.14,0,32,34,0,0,23.6
1,2,0,0,12.14,0,0,0,0,0,0
2,2,0,0,12.14,0,0,0,0,0,47.2
1,2,0,17.35,0,0,0,0,0,0,23.6
1,2,14.59,0,12.14,0,0,34,35,0,0
2,2,0,0,24.28,0,0,34,35,0,0
1,2,0,17.35,0,33,0,0,0,0,0
2,2,0,0,0,0,0,0,0,0,23.6
2,2,0,17.35,12.14,66,0,0,0,0,23.6
2,1,0,17.35,0,0,0,0,0,0,23.6
1,2,0,17.35,12.14,33,32,0,0,0,47.2
2,2,0,0,0,0,32,34,0,0,23.6
1,2,0,17.35,12.14,0,0,34,0,0,47.2
2,2,0,0,12.14,0,0,0,0,0,0
2,2,0,0,12.14,0,0,34,35,34,0
1,2,0,17.35,0,0,0,0,0,0,23.6
2,2,14.59,17.35,12.14,0,0,34,0,0,0
1,1,0,17.35,0,0,0,0,0,0,47.2
2,2,14.59,0,12.14,0,0,34,0,0,0
2,2,0,0,0,33,0,34,35,0,23.6
2,1,0,0,12.14,0,0,34,0,34,47.2
1,2,14.59,0,12.14,0,32,0,0,0,0
2,1,0,0,0,0,0,34,35,0,23.6
2,1,0,0,0,0,0,0,0,34,23.6
2,1,0,0,12.14,0,0,0,35,34,23.6
1,2,14.59,0,12.14,33,32,0,0,0,0
2,1,0,17.35,12.14,0,32,0,0,0,47.2
2,1,0,17.35,12.14,0,0,34,0,0,23.6
2,1,14.59,17.35,24.28,0,32,34,0,0,47.2
2,2,0,0,24.28,0,64,0,0,0,0
2,2,0,17.35,12.14,0,0,34,0,0,47.2
2,2,0,0,0,0,0,0,0,0,23.6
2,1,29.18,0,12.14,0,0,34,0,0,23.6
2,1,14.59,0,12.14,0,0,34,0,0,23.6
1,1,0,0,0,0,0,0,0,0,23.6
1,2,0,17.35,0,0,0,0,0,0,0
2,1,0,0,0,0,32,0,0,0,47.2
2,1,0,0,12.14,0,32,34,0,0,23.6
1,2,0,17.35,0,0,64,34,0,0,23.6
1,2,0,34.7,0,0,32,34,0,34,23.6
1,2,0,17.35,12.14,0,0,0,0,0,23.6
1,1,14.59,17.35,24.28,0,0,0,0,0,47.2
2,2,14.59,0,12.14,0,64,68,0,0,23.6
2,1,0,17.35,0,0,32,34,0,0,0
1,1,14.59,0,12.14,33,0,68,0,0,23.6
2,1,0,0,0,0,0,0,0,0,0
2,2,0,0,0,0,0,34,0,0,23.6
2,1,0,0,12.14,33,32,0,0,34,47.2
2,1,0,0,12.14,0,32,0,0,34,23.6
2,1,0,0,0,0,0,34,0,0,23.6
2,1,14.59,0,12.14,0,0,34,35,0,23.6
2,2,0,0,0,0,0,0,0,34,0
2,1,14.59,0,12.14,0,0,0,0,0,0
2,1,14.59,0,12.14,0,0,0,0,34,0
2,2,0,17.35,12.14,0,32,0,35,0,23.6
2,1,29.18,0,24.28,0,32,34,0,0,0
2,2,0,17.35,0,0,0,0,0,0,0
2,2,14.59,0,12.14,33,0,34,0,0,23.6
2,2,0,17.35,0,0,0,34,0,34,0
2,2,0,0,12.14,0,0,0,0,0,23.6
2,1,0,0,12.14,0,0,34,0,0,23.6
2,1,0,0,12.14,0,32,0,0,0,23.6
2,1,14.59,0,12.14,0,0,0,0,0,23.6
1,1,14.59,0,12.14,0,0,0,0,0,0
2,1,0,17.35,0,0,32,0,0,0,0
1,2,14.59,0,12.14,0,0,0,0,0,23.6
1,1,0,0,12.14,0,32,34,0,34,23.6
2,1,14.59,0,12.14,0,32,0,0,0,47.2
2,1,0,0,0,0,32,68,0,0,23.6
2,1,0,0,0,0,32,0,0,0,47.2
1,2,0,0,12.14,0,32,0,0,0,0
2,2,0,17.35,24.28,0,32,34,0,34,23.6
2,1,0,0,12.14,0,0,0,0,0,0
2,2,14.59,0,12.14,0,32,0,35,0,23.6
1,1,0,0,12.14,0,0,0,0,0,0
1,2,0,0,24.28,0,0,0,0,0,47.2
1,1,0,0,12.14,0,0,0,0,0,47.2
2,1,0,0,12.14,0,32,0,0,0,47.2
2,1,0,0,0,33,0,34,0,0,0
2,2,0,0,12.14,0,32,34,0,0,0
2,2,0,0,12.14,0,0,34,0,0,47.2
2,1,0,0,0,0,0,34,0,0,23.6
1,1,0,0,0,0,0,34,0,0,0
1,2,0,0,0,0,0,34,35,0,47.2
1,2,0,0,0,0,0,34,0,0,0
1,2,0,0,12.14,0,0,34,35,0,23.6
1,2,0,17.35,0,0,0,34,0,34,0
2,1,0,0,0,0,32,0,0,0,0
2,1,14.59,0,12.14,0,32,34,0,0,23.6
2,1,29.18,0,24.28,0,0,34,0,0,23.6
1,2,0,0,12.14,33,0,0,0,0,23.6
2,1,14.59,17.35,12.14,0,0,0,0,34,0
2,2,0,17.35,12.14,0,0,68,0,0,47.2
2,2,29.18,0,24.28,0,0,34,0,0,47.2
2,2,0,17.35,0,0,0,68,0,0,23.6
2,2,0,0,0,0,0,0,0,0,23.6
1,1,0,0,0,0,32,34,0,0,23.6
2,2,0,0,12.14,0,0,68,0,0,23.6
2,2,14.59,0,12.14,33,0,0,0,0,0
2,1,0,0,12.14,33,0,34,35,0,23.6
2,2,0,0,12.14,0,0,0,0,0,0
2,2,0,0,24.28,0,0,34,0,0,23.6
2,2,14.59,0,12.14,0,0,0,0,0,0
2,2,0,0,0,0,32,34,0,34,0
2,1,14.59,0,12.14,0,0,0,0,0,23.6
1,1,0,0,0,33,0,0,0,0,23.6
2,1,0,17.35,0,0,0,0,0,0,23.6
2,2,0,0,12.14,33,0,0,0,0,47.2
2,1,0,0,12.14,0,0,34,0,0,47.2
1,2,0,0,12.14,0,0,0,35,0,0
1,1,0,17.35,12.14,0,0,68,0,0,23.6
2,2,14.59,0,12.14,0,0,34,0,0,0
2,2,14.59,0,0,0,0,0,0,34,0
2,2,0,0,0,0,0,0,0,0,0
1,2,0,0,0,33,0,34,0,34,23.6
2,1,29.18,0,24.28,0,0,34,0,0,0
2,2,0,17.35,12.14,0,0,0,0,0,0
1,1,0,0,0,33,32,0,0,0,23.6
2,1,0,0,24.28,0,0,34,0,0,47.2
2,2,0,17.35,12.14,0,0,34,0,0,0
2,1,14.59,0,12.14,33,0,0,0,0,0
2,2,0,0,12.14,0,0,34,0,0,0
2,2,0,0,0,33,0,0,0,0,47.2
2,2,14.59,17.35,12.14,0,0,0,0,0,23.6
2,2,0,0,0,0,64,34,35,0,23.6
2,1,14.59,0,12.14,0,0,34,0,0,23.6
2,2,14.59,17.35,12.14,0,0,0,0,0,0
2,1,0,0,12.14,0,0,0,0,0,0
2,2,0,0,12.14,33,0,0,0,0,23.6
2,2,0,0,0,33,0,0,0,0,23.6
2,1,0,0,12.14,0,0,0,35,0,23.6
2,2,29.18,0,24.28,33,0,34,0,0,23.6
2,2,0,0,12.14,0,0,0,0,0,23.6
2,2,14.59,0,12.14,0,32,0,0,0,0
1,2,0,0,0,0,0,0,0,0,0
1,1,0,17.35,24.28,0,0,68,0,0,47.2
1,2,14.59,0,24.28,33,0,34,0,0,0
2,2,0,0,0,33,32,68,0,0,0
2,1,14.59,0,12.14,0,0,0,0,0,47.2
1,2,0,17.35,0,0,32,34,0,0,0
2,2,14.59,0,12.14,33,0,0,0,0,23.6
2,2,0,0,0,0,0,0,0,34,23.6
2,2,0,17.35,0,33,0,34,0,0,23.6
1,2,14.59,0,24.28,0,0,34,0,34,23.6
1,2,0,0,0,0,0,0,0,0,23.6
2,2,0,0,0,33,0,34,0,0,0
2,2,0,0,12.14,0,0,0,0,0,47.2
1,2,14.59,0,12.14,0,0,34,0,0,0
2,2,0,0,12.14,0,0,0,0,34,0
1,2,0,0,12.14,66,32,34,0,0,0
1,2,14.59,0,24.28,33,0,0,0,0,0
2,2,14.59,17.35,24.28,0,32,34,0,0,23.6
1,1,0,0,0,33,0,0,0,0,23.6
1,2,0,0,12.14,0,0,0,35,0,23.6
1,2,0,0,12.14,0,0,34,0,34,23.6
1,2,0,0,12.14,0,0,34,0,0,23.6
2,2,0,0,0,0,32,0,0,0,47.2
1,2,0,0,12.14,33,0,34,0,0,23.6
1,2,14.59,17.35,12.14,33,0,0,0,0,23.6
2,2,14.59,17.35,12.14,0,0,34,0,0,47.2
2,2,14.59,0,24.28,0,32,34,0,0,0
2,2,14.59,17.35,12.14,0,32,34,0,34,23.6
1,2,0,17.35,0,0,0,0,0,0,47.2
2,2,0,0,24.28,0,0,68,0,0,23.6
2,2,14.59,17.35,12.14,0,0,0,35,0,23.6
2,2,0,0,0,0,32,0,0,0,23.6
2,2,0,17.35,0,33,32,34,0,0,23.6
2,2,14.59,0,12.14,0,0,34,0,0,0
2,2,29.18,0,24.28,33,0,34,0,0,0
1,1,0,17.35,24.28,0,32,34,35,0,23.6
2,2,14.59,17.35,24.28,0,0,68,35,0,23.6
2,1,14.59,0,12.14,0,0,34,0,0,47.2
2,2,14.59,0,12.14,0,0,0,0,34,23.6
2,2,14.59,0,24.28,33,0,68,0,34,23.6
2,1,14.59,0,24.28,33,0,34,0,0,23.6
2,1,14.59,0,24.28,33,0,68,0,34,0
2,2,0,0,0,33,0,34,0,0,23.6
1,1,0,17.35,12.14,0,0,0,0,0,23.6
2,1,0,17.35,0,0,32,0,0,0,23.6
2,2,0,17.35,0,0,32,0,0,0,0
2,1,0,0,0,33,0,0,0,34,23.6
2,2,0,0,12.14,33,0,0,35,0,23.6
1,2,0,0,0,0,32,0,0,0,23.6
1,2,14.59,0,12.14,33,0,34,0,0,23.6
2,1,14.59,0,12.14,0,0,0,0,0,23.6
2,1,14.59,0,12.14,0,0,0,0,0,0
1,1,0,0,24.28,0,0,0,0,34,0
1,1,14.59,0,24.28,0,0,0,0,0,47.2
2,2,0,0,0,0,32,68,0,0,23.6
2,2,0,0,0,33,32,0,35,0,47.2
2,1,0,0,12.14,33,0,0,0,0,23.6
2,1,0,17.35,0,0,32,0,35,34,23.6
2,2,0,0,0,0,0,34,35,0,0
2,1,0,0,12.14,0,0,34,0,0,0
1,1,0,0,0,0,0,0,0,0,0
2,2,14.59,0,12.14,0,32,34,0,34,47.2
1,1,29.18,0,24.28,0,32,0,0,0,47.2
2,2,0,0,0,0,0,34,0,0,0
2,1,0,17.35,0,0,0,34,0,0,23.6
1,1,14.59,0,12.14,0,0,68,0,0,23.6
2,2,0,0,24.28,0,64,34,0,0,23.6
2,2,0,0,12.14,0,0,0,0,0,23.6
2,1,14.59,0,24.28,0,0,34,0,0,23.6
2,1,0,0,12.14,0,0,0,0,0,23.6
2,1,0,17.35,0,0,0,0,0,0,0
1,2,0,0,0,0,0,0,0,0,0
1,1,0,0,0,0,0,0,0,34,0
2,2,0,0,0,0,32,34,0,0,47.2
1,1,0,17.35,0,0,0,34,0,0,23.6
2,1,0,0,12.14,0,64,0,0,0,47.2
2,1,14.59,0,12.14,0,0,34,0,0,47.2
2,2,14.59,17.35,12.14,0,0,34,0,34,0
2,2,0,0,0,0,0,0,0,34,0
2,2,14.59,0,12.14,0,0,0,0,0,0
2,1,0,0,0,33,0,0,0,0,23.6
2,2,0,0,0,0,64,0,0,0,23.6
2,1,0,0,0,0,0,0,0,0,0
2,2,14.59,0,12.14,0,0,34,0,0,0
2,2,14.59,0,24.28,0,32,34,0,0,23.6
2,1,14.59,0,24.28,0,0,34,0,0,23.6
1,2,14.59,0,12.14,33,0,68,0,34,0
2,1,0,0,0,0,32,0,0,0,23.6
2,1,0,0,12.14,0,32,34,0,0,0
2,1,0,0,0,0,32,0,0,0,23.6
2,2,14.59,0,12.14,0,64,0,0,0,23.6
2,2,0,0,12.14,0,0,0,0,0,0
2,1,14.59,0,12.14,0,32,34,0,0,0
2,1,14.59,0,24.28,0,32,34,0,0,0
1,2,0,17.35,12.14,0,0,0,0,0,0
1,1,14.59,0,12.14,0,0,0,0,0,23.6
2,2,0,0,0,0,0,34,0,0,47.2
2,2,14.59,17.35,12.14,33,0,0,0,0,47.2
2,1,0,0,12.14,33,32,0,0,0,0
2,1,14.59,0,12.14,0,32,0,35,0,0
2,2,0,0,24.28,0,32,0,0,0,47.2
2,1,0,0,0,33,32,0,0,34,23.6
1,2,14.59,0,12.14,0,32,0,0,0,47.2
2,1,0,0,0,0,0,0,0,0,0
2,2,0,0,12.14,0,0,34,0,34,23.6
2,1,14.59,0,0,0,32,68,0,0,0
2,1,14.59,0,24.28,0,0,0,0,0,23.6
2,1,0,0,12.14,0,0,68,0,0,23.6
2,1,0,0,0,33,0,0,35,0,0
2,2,0,0,0,0,0,0,0,34,23.6
2,2,0,0,12.14,0,0,0,0,0,23.6
2,2,14.59,17.35,12.14,33,0,0,0,0,0
2,2,14.59,0,24.28,0,0,0,0,0,23.6
2,2,0,0,12.14,0,0,34,0,34,47.2
2,1,0,0,12.14,33,0,34,0,0,0
1,2,0,17.35,0,0,32,34,0,68,23.6
2,2,14.59,0,12.14,0,0,0,0,0,23.6
2,1,0,0,12.14,0,0,34,0,0,0
2,1,14.59,0,12.14,0,0,0,0,0,23.6
1,2,14.59,17.35,12.14,0,32,0,0,34,47.2
2,2,0,0,12.14,0,32,0,0,0,0
1,2,0,0,12.14,0,0,34,0,0,0
2,2,0,0,0,0,0,0,0,0,23.6
2,2,0,0,0,0,0,0,0,0,23.6
2,2,14.59,0,12.14,0,0,0,70,0,0
2,2,0,17.35,12.14,0,0,0,0,34,0
2,2,29.18,0,24.28,0,32,0,0,0,47.2
2,2,0,34.7,0,0,32,0,0,0,23.6
2,2,0,0,12.14,33,0,0,0,0,47.2
1,2,14.59,0,12.14,0,0,34,0,0,23.6
2,2,0,0,12.14,0,0,34,0,68,0
2,1,14.59,0,0,33,0,0,0,0,47.2
2,2,0,0,24.28,0,0,0,0,0,23.6
2,2,0,34.7,12.14,0,0,0,0,0,0
1,2,14.59,17.35,24.28,0,0,0,0,0,23.6
2,2,14.59,0,24.28,0,0,0,0,0,23.6
2,1,0,17.35,12.14,33,32,0,0,0,23.6
2,1,0,0,12.14,33,0,34,0,0,23.6
2,1,14.59,0,24.28,0,32,34,0,0,47.2
1,2,14.59,0,12.14,0,0,68,0,0,47.2
1,1,14.59,0,12.14,0,0,0,0,0,0
2,1,0,0,12.14,0,0,34,0,0,23.6
1,2,14.59,0,12.14,33,0,34,0,34,0
1,1,0,17.35,12.14,0,0,0,0,0,47.2
2,2,0,17.35,0,33,0,0,0,0,0
2,2,0,0,12.14,0,0,0,35,0,47.2
2,2,0,17.35,24.28,0,0,0,35,0,0
2,2,0,0,0,0,64,34,0,0,0
2,1,14.59,0,12.14,0,0,34,0,0,23.6
2,2,14.59,0,12.14,0,0,0,35,0,0
2,1,14.59,0,12.14,0,0,34,35,0,0
2,1,0,0,12.14,0,32,34,0,34,23.6
2,2,0,17.35,0,33,0,68,0,0,23.6
2,2,0,17.35,12.14,0,0,34,0,0,23.6
2,1,0,17.35,0,0,0,0,0,0,23.6
1,1,14.59,0,24.28,33,64,0,0,0,0
2,1,14.59,17.35,24.28,0,0,34,35,0,23.6
2,1,14.59,0,12.14,0,32,0,0,0,47.2
2,2,0,0,12.14,33,0,0,0,0,47.2
2,2,0,17.35,12.14,0,0,0,0,0,0
1,2,0,17.35,0,0,0,0,0,0,0
2,1,14.59,0,12.14,33,0,0,0,0,23.6
2,1,14.59,0,24.28,0,0,0,0,34,0
2,2,0,0,12.14,0,0,0,0,0,23.6
1,1,14.59,0,24.28,0,32,0,35,34,0
2,2,14.59,0,24.28,0,32,34,0,0,47.2
2,2,29.18,0,24.28,0,32,0,35,34,0
2,2,14.59,0,12.14,0,0,0,0,0,47.2
2,1,14.59,0,12.14,0,32,34,0,0,23.6
2,1,0,0,0,0,0,0,0,0,23.6
2,2,0,0,0,0,0,0,0,0,23.6
2,2,14.59,17.35,12.14,0,0,0,0,0,23.6
2,1,29.18,0,12.14,33,0,68,0,0,23.6
1,2,0,0,12.14,0,0,0,0,34,0
2,2,0,0,0,0,32,68,35,0,0
2,1,0,0,0,0,0,34,0,0,23.6
2,2,0,17.35,0,0,0,34,0,0,23.6
2,2,14.59,0,24.28,0,0,0,0,0,0
2,1,14.59,0,12.14,0,0,0,0,0,23.6
2,1,0,0,12.14,0,0,34,0,0,0
2,2,0,0,0,0,32,0,0,34,0
2,2,14.59,17.35,12.14,33,0,34,0,0,23.6
2,1,14.59,0,12.14,0,32,34,35,0,0
2,2,14.59,0,12.14,33,0,0,0,0,23.6
2,2,0,0,12.14,0,32,0,0,0,0
1,1,14.59,0,12.14,0,0,0,0,0,0
2,1,0,0,0,0,0,0,0,0,0
2,2,14.59,17.35,24.28,33,0,34,0,0,23.6
1,1,0,0,12.14,0,32,34,0,0,23.6
1,2,0,0,24.28,0,0,68,0,0,23.6
1,2,0,0,0,0,0,0,0,0,23.6
2,2,14.59,0,12.14,33,0,0,0,0,23.6
2,1,14.59,17.35,12.14,0,0,0,35,0,23.6
2,1,14.59,0,24.28,0,32,34,0,0,0
2,1,0,17.35,0,0,0,34,0,0,0
2,2,14.59,17.35,12.14,0,0,34,0,0,0
2,2,14.59,0,24.28,0,0,34,0,0,0
1,1,0,0,0,33,32,0,0,34,47.2
2,1,0,0,0,0,0,34,0,0,47.2
1,1,0,0,0,0,32,34,0,0,0
1,1,14.59,0,12.14,0,0,34,0,34,47.2
2,1,14.59,17.35,24.28,33,0,0,0,0,23.6
2,1,14.59,0,12.14,0,32,68,0,0,23.6
2,1,0,17.35,0,0,0,0,0,34,0
2,1,14.59,0,12.14,0,0,0,0,0,47.2
2,1,29.18,0,24.28,0,0,0,0,0,23.6
2,1,0,0,24.28,33,0,34,0,0,23.6
2,2,14.59,0,12.14,0,0,34,35,0,0
1,2,14.59,17.35,0,33,0,0,35,0,0
2,2,0,0,12.14,33,0,68,0,0,23.6
2,2,0,0,24.28,0,32,0,0,0,0
2,2,14.59,0,24.28,0,0,34,0,0,23.6
2,1,0,0,0,0,32,34,0,0,23.6
2,2,0,0,0,0,0,0,0,0,23.6
2,2,0,0,0,0,0,0,0,0,23.6
2,1,0,0,0,0,0,34,0,0,0
2,1,0,17.35,0,0,32,0,0,34,23.6
2,1,0,0,12.14,0,64,0,0,0,23.6
1,2,14.59,0,12.14,0,0,34,0,0,0
1,1,0,0,0,33,32,0,0,34,23.6
2,1,0,17.35,12.14,0,0,0,0,0,23.6
2,1,14.59,0,12.14,0,32,0,0,0,0
2,2,0,0,0,0,0,34,0,0,0
2,2,14.59,0,12.14,0,32,0,0,34,23.6
2,1,0,0,12.14,0,32,0,0,0,0
2,1,0,17.35,12.14,0,0,0,0,0,47.2
2,2,14.59,0,12.14,0,32,0,35,34,23.6
2,1,14.59,17.35,12.14,0,32,0,0,34,23.6
2,1,14.59,0,12.14,0,0,34,0,0,0
2,2,14.59,0,24.28,0,0,34,0,0,23.6
2,2,14.59,0,12.14,0,0,0,0,0,23.6
2,1,0,0,0,0,32,68,0,0,0
2,1,0,17.35,0,0,0,0,0,0,0
1,1,0,0,24.28,0,0,0,0,0,0
2,2,14.59,0,24.28,0,0,34,0,0,0
1,1,14.59,0,12.14,0,0,34,0,0,47.2
2,2,0,0,12.14,0,0,0,0,0,23.6
2,1,14.59,0,12.14,0,0,34,0,0,0
2,2,14.59,0,12.14,33,32,0,0,0,23.6
2,1,14.59,17.35,12.14,0,0,0,0,0,23.6
2,1,14.59,0,24.28,0,0,0,0,0,0
2,1,14.59,0,24.28,0,32,34,0,0,0
2,1,0,17.35,24.28,0,0,0,0,0,0
1,2,14.59,0,24.28,33,0,0,70,0,0
1,1,0,0,12.14,0,0,0,0,0,0
2,1,0,0,12.14,0,0,34,0,0,0
2,1,0,17.35,12.14,33,32,34,35,0,0
2,1,0,17.35,12.14,0,0,0,0,0,0
2,1,0,0,0,0,0,0,0,0,0
2,2,0,0,12.14,0,32,0,0,34,23.6
2,1,14.59,0,12.14,33,0,34,0,0,0
2,1,0,0,24.28,0,0,0,0,0,0
1,2,14.59,0,12.14,0,32,0,0,0,0
2,2,0,0,12.14,0,0,0,0,0,0
1,1,14.59,0,12.14,0,0,0,35,0,0
1,1,14.59,0,24.28,0,0,0,0,34,23.6
2,1,14.59,0,24.28,0,0,0,0,0,0
2,1,14.59,17.35,12.14,33,32,0,0,34,23.6
1,1,14.59,0,12.14,0,32,0,0,0,23.6
2,1,0,0,12.14,0,32,0,0,0,0
2,2,0,0,12.14,0,0,0,0,0,23.6
2,1,0,0,12.14,0,0,34,0,0,23.6
2,1,0,0,0,0,64,34,0,0,0
2,2,0,17.35,12.14,0,32,34,0,0,0
1,2,0,34.7,0,33,0,68,0,0,23.6
2,2,14.59,0,12.14,0,32,0,0,0,0
2,1,14.59,0,24.28,33,32,0,0,0,23.6
2,1,14.59,0,24.28,0,64,0,35,0,0
1,1,0,0,0,0,0,0,0,34,47.2
2,2,14.59,0,12.14,0,0,34,35,0,0
1,2,14.59,0,12.14,0,0,0,0,0,23.6
2,2,0,0,12.14,0,32,68,0,0,23.6
2,1,0,17.35,0,0,0,0,0,0,47.2
2,2,29.18,0,24.28,66,32,0,0,0,0
2,2,0,0,12.14,0,32,0,0,0,0
2,1,0,0,0,0,32,34,0,0,0
1,2,14.59,0,12.14,0,0,68,35,34,23.6
2,2,14.59,0,12.14,0,32,0,0,0,23.6
1,2,0,34.7,0,0,0,0,0,0,23.6
2,1,0,0,24.28,33,32,0,0,0,23.6
2,1,14.59,0,24.28,0,0,34,0,0,23.6
1,1,0,17.35,12.14,0,0,0,0,0,23.6
2,2,0,0,0,33,64,34,0,0,0
2,2,0,0,0,33,0,0,0,0,0
2,1,14.59,0,12.14,0,0,0,0,0,0
1,2,0,17.35,12.14,33,0,0,0,0,23.6
2,1,0,0,12.14,0,0,0,0,0,0
2,1,0,0,24.28,33,0,34,0,0,0
1,2,0,0,0,0,32,34,0,34,23.6
2,2,0,0,12.14,0,32,0,0,0,23.6
2,1,14.59,17.35,12.14,33,0,68,35,0,23.6
2,2,0,17.35,12.14,0,0,0,0,0,23.6
2,1,14.59,0,12.14,0,32,34,0,34,0
2,2,0,0,12.14,0,0,0,35,0,23.6
2,2,0,0,0,33,0,0,0,0,0
2,1,29.18,0,24.28,33,32,0,0,0,23.6
1,1,14.59,17.35,24.28,33,0,0,0,0,0
2,2,29.18,0,24.28,0,0,34,0,0,0
2,1,14.59,0,24.28,0,0,0,35,0,0
2,1,14.59,17.35,24.28,0,0,0,0,0,0
2,1,0,0,0,0,64,34,35,0,0
2,2,29.18,0,12.14,0,0,0,0,34,47.2
2,1,14.59,0,12.14,0,32,34,0,0,23.6
2,1,14.59,0,12.14,0,0,0,0,0,0
2,1,0,34.7,12.14,0,0,0,0,0,0
2,1,0,0,12.14,0,32,0,35,0,23.6
2,1,0,17.35,12.14,0,0,0,0,0,0
2,1,0,0,0,0,32,0,0,0,0
2,2,0,0,12.14,0,0,0,35,0,23.6
1,2,0,0,0,33,0,0,0,0,23.6
1,2,14.59,0,12.14,33,0,0,35,0,0
1,1,0,0,24.28,0,32,34,0,0,0
2,2,0,0,12.14,0,0,0,35,0,0
2,2,0,0,12.14,0,0,0,0,34,47.2
2,2,0,17.35,0,33,0,0,0,0,0
1,1,14.59,0,0,0,0,0,0,34,23.6
2,1,0,17.35,12.14,33,32,0,0,0,23.6
2,2,0,0,0,0,32,0,0,0,23.6
2,1,0,0,12.14,0,0,68,0,34,23.6
1,1,29.18,0,24.28,33,32,34,0,0,23.6
2,2,0,0,0,0,0,68,35,0,23.6
1,2,14.59,0,12.14,0,32,0,0,0,23.6
2,1,0,0,12.14,0,32,34,0,0,23.6
2,2,14.59,0,12.14,0,32,0,0,0,47.2
2,1,0,0,0,0,0,0,0,34,0
2,2,0,0,12.14,0,0,0,35,0,47.2
2,1,0,0,12.14,0,0,0,0,0,0
2,2,0,0,24.28,0,0,0,0,0,23.6
2,2,0,0,0,0,0,0,35,0,23.6
2,1,0,0,12.14,0,0,34,0,0,23.6
1,2,0,17.35,0,0,0,34,0,34,0
2,2,14.59,0,12.14,0,32,34,0,0,23.6
2,2,0,0,0,0,64,34,0,0,23.6
1,1,0,0,12.14,0,0,0,0,34,47.2
2,2,0,17.35,0,33,0,34,0,0,23.6
1,2,14.59,0,24.28,33,0,34,0,34,23.6
2,1,14.59,0,12.14,0,0,34,0,0,0
1,2,14.59,17.35,24.28,0,0,0,0,34,0
2,1,14.59,0,12.14,0,0,0,0,0,23.6
1,2,14.59,0,12.14,0,0,0,35,0,47.2
2,2,0,17.35,12.14,33,0,34,0,0,23.6
1,2,0,17.35,24.28,0,0,0,0,0,23.6
2,1,0,0,12.14,0,0,34,35,0,0
2,1,0,17.35,12.14,0,0,0,0,0,23.6
1,1,0,0,24.28,33,0,34,0,0,23.6
2,2,0,17.35,12.14,33,0,0,0,0,23.6
2,1,0,0,12.14,0,0,0,0,0,23.6
1,1,14.59,0,12.14,0,0,34,0,0,23.6
2,2,14.59,0,12.14,0,32,0,35,0,23.6
1,2,14.59,0,12.14,0,64,0,0,0,0
2,2,14.59,17.35,12.14,33,0,0,35,0,0
2,1,0,0,0,0,0,34,0,34,0
2,2,0,0,12.14,33,0,0,0,0,0
2,2,0,0,12.14,0,0,0,35,0,0
2,1,14.59,0,12.14,0,0,0,0,0,23.6
1,2,14.59,0,12.14,0,0,0,0,0,23.6
2,1,14.59,0,12.14,33,32,0,0,0,0
2,2,14.59,0,12.14,33,32,34,0,0,0
2,2,0,0,0,0,32,34,0,0,23.6
2,1,0,17.35,0,0,0,34,0,0,23.6
2,1,0,0,12.14,33,32,34,0,34,47.2
2,2,14.59,0,24.28,0,0,0,0,0,47.2
2,1,14.59,17.35,12.14,0,0,0,0,0,0
2,2,0,0,0,0,32,0,0,0,23.6
1,1,0,17.35,0,0,32,0,35,34,23.6
2,1,0,0,12.14,33,32,34,0,0,23.6
2,1,14.59,0,12.14,0,0,0,35,0,23.6
2,2,14.59,0,12.14,33,0,34,0,34,47.2
2,1,0,17.35,12.14,33,0,34,0,0,23.6
2,2,0,17.35,12.14,0,32,0,70,0,23.6
2,1,14.59,0,12.14,0,32,0,0,0,23.6
2,2,0,0,0,33,0,0,0,0,23.6
2,1,29.18,0,24.28,0,64,0,0,34,23.6
2,2,14.59,17.35,12.14,33,0,0,0,34,0
2,1,0,0,12.14,0,32,0,35,0,23.6
1,1,0,0,12.14,0,0,34,0,0,0
1,2,14.59,0,24.28,0,32,34,35,0,23.6
2,1,0,0,12.14,0,32,0,0,0,23.6
1,1,0,0,0,0,0,34,0,0,0
2,2,14.59,0,12.14,0,0,34,0,0,0
2,1,0,0,0,0,32,34,0,0,47.2
1,1,0,0,12.14,33,32,34,0,0,23.6
1,1,0,0,0,0,0,34,0,34,23.6
2,1,14.59,0,24.28,0,32,0,0,0,0
1,1,14.59,0,12.14,33,0,0,0,0,47.2
2,2,0,0,12.14,66,32,0,0,34,23.6
2,2,0,17.35,0,33,0,34,0,0,0
2,1,14.59,0,24.28,0,32,34,0,0,23.6
2,1,14.59,0,24.28,0,0,0,0,0,47.2
1,2,0,0,12.14,33,0,0,0,0,47.2
2,1,0,0,0,0,32,34,0,34,47.2
2,1,14.59,0,12.14,0,0,34,0,34,0
2,2,14.59,0,24.28,0,32,0,0,0,0
2,1,0,0,12.14,0,0,0,0,0,0
1,2,14.59,17.35,12.14,0,0,34,35,0,23.6
2,1,14.59,0,12.14,0,0,34,0,0,0
2,2,14.59,0,12.14,0,0,34,0,0,0
2,1,0,0,24.28,0,0,68,0,0,23.6
2,2,0,17.35,12.14,33,0,68,0,0,0
2,1,0,0,0,0,0,68,0,0,23.6
2,1,14.59,0,12.14,0,0,0,0,0,23.6
2,2,14.59,0,12.14,0,0,34,0,0,23.6
1,2,14.59,0,12.14,66,32,0,35,0,0
2,2,0,0,12.14,0,0,0,0,0,0
2,1,0,0,24.28,0,32,0,0,0,0
2,2,0,0,0,0,32,34,0,0,47.2
2,1,14.59,0,12.14,0,0,0,0,0,0
2,2,0,17.35,12.14,33,0,0,0,0,0
2,1,14.59,0,12.14,0,32,0,0,0,0
2,1,0,17.35,12.14,33,0,0,0,0,23.6
2,1,14.59,0,12.14,0,0,0,0,0,0
2,1,0,17.35,0,0,0,0,0,0,0
2,1,29.18,0,24.28,66,32,0,0,0,0
1,2,0,34.7,0,0,32,0,0,34,47.2
1,1,0,17.35,24.28,0,0,0,0,34,23.6
1,2,0,0,0,0,0,0,0,0,23.6
1,1,29.18,0,12.14,0,0,0,0,0,0
2,1,14.59,0,12.14,0,32,68,0,34,0
2,2,0,17.35,12.14,0,0,0,0,68,23.6
2,2,14.59,0,24.28,0,32,0,0,34,0
2,1,14.59,0,24.28,0,32,34,0,0,23.6
2,2,14.59,0,24.28,0,0,34,35,0,23.6
2,1,14.59,0,12.14,0,0,34,0,0,47.2
1,2,0,0,0,0,0,0,0,34,23.6
2,1,0,0,0,0,0,0,0,0,0
2,1,14.59,0,12.14,0,0,34,0,0,23.6
2,1,14.59,0,24.28,0,32,34,0,0,0
1,1,0,0,12.14,33,0,34,0,0,23.6
2,1,14.59,0,12.14,0,64,34,0,0,0
2,1,29.18,0,24.28,0,0,0,0,0,0
2,2,14.59,17.35,12.14,0,0,0,0,0,0
1,1,14.59,0,24.28,0,0,0,0,0,23.6
2,1,0,0,24.28,0,0,0,0,0,47.2
2,1,0,0,12.14,0,0,34,0,0,23.6
1,1,0,0,0,0,0,0,0,0,47.2
2,2,14.59,0,12.14,33,0,0,0,0,23.6
2,1,0,0,0,0,0,34,0,0,0
2,1,29.18,0,24.28,0,0,0,0,0,23.6
2,1,0,0,24.28,0,0,0,0,0,23.6
2,2,14.59,0,0,0,0,34,0,0,0
2,2,0,0,0,0,32,34,0,0,23.6
2,2,0,0,12.14,0,0,34,0,0,0
2,1,0,0,0,0,0,34,0,0,0
2,1,0,0,12.14,0,0,0,0,34,23.6
2,1,29.18,0,24.28,0,32,34,0,0,0
2,1,14.59,17.35,24.28,0,0,0,0,0,47.2
1,1,0,0,0,0,0,34,0,0,47.2
2,2,14.59,0,12.14,0,32,0,0,0,23.6
2,1,0,0,0,0,32,34,0,0,47.2
1,2,0,17.35,24.28,0,32,0,0,0,23.6
1,1,0,0,24.28,0,32,34,0,0,23.6
1,2,0,0,12.14,0,32,34,35,0,23.6
2,1,14.59,0,12.14,0,0,0,0,0,0
1,2,0,34.7,12.14,33,32,0,0,0,23.6
2,1,0,17.35,24.28,0,0,34,0,0,47.2
1,2,0,17.35,0,0,0,34,0,0,0
2,1,14.59,0,24.28,0,32,34,0,0,23.6
1,1,0,0,12.14,0,0,0,0,0,23.6
2,1,0,0,0,33,0,34,0,0,0
2,2,14.59,0,24.28,33,0,0,0,0,47.2
1,1,14.59,0,24.28,0,0,0,0,34,23.6
2,2,14.59,0,12.14,0,0,0,0,0,0
2,2,0,0,0,0,64,34,0,0,23.6
2,1,0,0,0,0,0,0,0,34,47.2
2,1,0,34.7,12.14,0,0,0,0,0,0
2,2,14.59,0,12.14,33,0,68,0,0,0
1,1,0,17.35,12.14,0,32,0,0,0,23.6
1,1,0,0,0,0,0,0,0,34,47.2
1,1,14.59,0,12.14,0,0,0,35,0,0
2,2,29.18,0,24.28,33,0,0,0,0,0
2,1,0,0,24.28,33,0,0,0,0,0
1,1,14.59,0,12.14,0,0,34,35,0,23.6
1,1,0,0,24.28,0,64,0,35,0,23.6
2,1,14.59,0,12.14,0,0,34,0,34,23.6
2,1,0,0,0,0,0,0,0,0,0
1,1,14.59,0,12.14,0,0,0,35,34,0
2,2,14.59,0,12.14,0,32,0,0,0,23.6
2,1,0,0,24.28,0,32,0,0,34,23.6
2,1,14.59,0,24.28,0,0,0,0,0,23.6
2,2,0,0,12.14,0,0,68,0,0,0
1,1,0,17.35,0,0,0,0,0,0,0
2,1,14.59,0,24.28,33,32,0,35,0,0
2,2,14.59,17.35,12.14,0,0,0,0,0,0
2,2,0,0,12.14,0,32,68,0,0,23.6
2,2,0,0,0,0,32,0,0,0,47.2
2,1,0,17.35,12.14,33,32,68,0,0,0
2,1,0,0,12.14,0,0,34,0,0,23.6
2,1,0,0,0,0,0,0,0,0,0
2,1,14.59,0,12.14,0,32,0,0,0,0
2,2,14.59,0,24.28,0,0,0,0,0,0
1,2,14.59,17.35,12.14,33,0,0,0,0,0
2,2,0,17.35,0,0,0,0,0,0,23.6
2,1,14.59,0,12.14,0,0,0,0,0,23.6
1,1,0,17.35,24.28,0,0,34,0,0,47.2
2,2,0,0,0,0,0,34,0,0,0
1,2,14.59,0,24.28,33,0,0,0,0,23.6
1,2,0,0,12.14,0,32,0,35,0,0
2,1,0,0,12.14,0,32,0,0,0,23.6
2,1,14.59,0,24.28,33,32,34,0,0,23.6
2,2,0,17.35,0,0,0,34,0,0,47.2
1,2,14.59,0,12.14,33,0,34,0,0,0
2,2,14.59,0,12.14,0,32,0,0,0,0
2,1,0,34.7,12.14,33,0,0,0,34,23.6
2,1,14.59,0,24.28,0,32,34,0,0,23.6
2,1,0,17.35,0,0,0,0,0,0,23.6
1,1,14.59,0,24.28,0,0,0,0,0,23.6
2,1,14.59,0,24.28,0,0,0,35,0,23.6
2,2,0,0,12.14,0,0,34,0,0,0
2,1,14.59,0,24.28,0,0,34,0,0,0
2,1,0,0,12.14,0,32,34,0,0,0
2,2,14.59,17.35,12.14,0,32,34,0,0,0
2,1,14.59,0,12.14,0,32,68,0,0,23.6
2,1,0,17.35,0,0,0,0,0,34,47.2
1,1,0,0,0,0,0,0,0,0,0
2,1,0,0,24.28,0,32,0,0,34,23.6
2,2,0,34.7,0,0,0,0,0,0,0
2,1,14.59,0,24.28,0,0,0,0,0,23.6
2,1,0,34.7,0,0,32,68,0,0,47.2
2,2,14.59,0,12.14,33,0,34,0,0,23.6
1,1,0,0,0,0,32,0,35,0,0
1,1,29.18,0,24.28,0,0,0,0,0,0
2,2,14.59,0,12.14,0,32,34,0,0,23.6
2,1,0,0,12.14,0,32,34,0,0,0
2,2,14.59,0,12.14,0,0,34,0,0,0
2,1,14.59,0,12.14,33,32,0,0,0,0
2,1,0,0,12.14,0,0,0,0,0,23.6
2,2,0,0,0,0,32,34,0,0,47.2
2,1,0,0,12.14,0,32,34,0,0,0
2,1,0,0,0,33,0,34,0,34,47.2
2,1,14.59,0,12.14,0,0,0,0,0,0
2,2,14.59,0,12.14,33,0,0,0,0,0
2,2,0,17.35,0,0,0,0,0,0,0
2,1,14.59,0,12.14,0,0,0,0,34,23.6
2,2,0,0,12.14,0,0,0,0,0,23.6
1,1,0,0,12.14,0,0,34,0,0,23.6
1,1,0,17.35,12.14,0,32,0,0,0,23.6
2,2,14.59,17.35,12.14,0,0,0,0,34,23.6
1,1,0,0,0,0,0,0,0,0,0
2,1,14.59,0,12.14,0,0,0,0,0,0
2,2,0,17.35,0,0,0,0,0,34,47.2
2,1,14.59,0,12.14,0,0,34,0,0,0
2,1,14.59,0,12.14,0,0,34,0,0,0
1,1,0,17.35,0,0,0,0,0,0,47.2
1,2,0,17.35,12.14,0,0,0,0,0,0
1,2,14.59,0,12.14,0,32,34,0,0,23.6
2,1,0,17.35,0,0,0,0,0,0,23.6
2,2,14.59,0,12.14,0,0,0,0,0,0
1,1,0,0,12.14,0,0,68,0,0,0
1,1,14.59,17.35,12.14,0,0,0,0,0,23.6
2,2,14.59,0,12.14,0,32,34,0,0,0
2,2,14.59,0,12.14,0,0,0,0,34,0
2,2,0,0,0,0,0,0,0,0,47.2
1,1,0,17.35,0,0,32,34,0,0,23.6
1,2,0,0,0,33,64,0,0,0,23.6
2,2,0,0,24.28,0,0,34,0,34,23.6
1,1,0,17.35,0,0,0,34,0,0,0
2,1,14.59,17.35,12.14,33,32,0,0,0,0
2,2,0,0,12.14,0,0,68,35,0,0
2,2,0,0,0,0,32,34,0,0,0
1,2,0,0,24.28,0,0,34,70,0,0
1,2,0,0,12.14,0,64,0,0,0,0
1,2,0,17.35,0,0,0,34,0,0,23.6
2,2,14.59,0,24.28,33,32,0,35,0,0
1,1,0,17.35,0,33,32,0,0,34,23.6
2,1,0,17.35,0,0,32,34,0,0,47.2
1,1,29.18,0,12.14,0,0,34,0,34,0
2,2,0,0,0,0,0,0,0,0,0
1,1,0,0,0,0,0,34,0,34,47.2
2,1,0,17.35,12.14,0,0,34,35,0,0
1,1,14.59,0,12.14,33,64,0,0,0,23.6
2,2,0,17.35,12.14,0,0,34,0,0,23.6
2,1,0,0,0,0,0,0,0,0,23.6
2,1,29.18,0,24.28,33,32,0,35,0,0
2,1,14.59,17.35,12.14,0,0,0,0,0,0
1,1,14.59,0,24.28,66,0,0,0,0,23.6
1,1,0,0,12.14,33,32,68,0,0,0
2,2,0,0,24.28,0,0,34,0,0,0
2,2,0,17.35,0,33,0,34,0,0,47.2
2,2,0,0,12.14,33,0,0,0,0,23.6
1,1,0,0,24.28,33,32,0,35,0,0
1,1,0,17.35,0,0,0,0,0,0,0
1,1,29.18,0,24.28,0,32,0,0,0,0
2,2,0,0,12.14,33,0,0,0,0,23.6
1,2,14.59,0,12.14,33,64,34,0,34,0
2,1,0,0,12.14,33,0,0,0,0,23.6
2,2,14.59,0,24.28,0,0,34,35,0,0
2,1,14.59,0,12.14,66,0,0,0,0,23.6
1,2,0,0,0,0,0,0,0,0,23.6
2,2,0,0,0,0,32,34,0,0,23.6
2,2,14.59,0,24.28,33,0,0,0,0,0
2,2,14.59,0,12.14,33,32,68,0,0,0
2,1,0,17.35,0,33,0,34,0,0,23.6
1,1,0,0,12.14,0,0,34,0,34,0
2,2,0,0,0,33,0,68,35,0,23.6
2,2,0,17.35,0,0,32,34,0,0,47.2
2,2,0,17.35,0,0,32,34,0,0,0
2,2,0,0,12.14,0,32,34,35,0,0
2,2,0,0,12.14,0,0,0,0,34,47.2
2,1,0,0,12.14,33,0,34,0,0,23.6
2,1,0,0,12.14,0,32,34,0,0,23.6
1,1,0,0,12.14,33,0,0,0,0,23.6
1,2,0,0,12.14,0,0,34,35,0,47.2
1,2,0,34.7,12.14,0,0,0,0,0,0
1,2,0,0,12.14,0,0,34,0,0,23.6
1,1,0,0,0,0,0,0,0,0,0
2,1,0,0,12.14,0,0,0,0,0,23.6
2,1,0,0,12.14,0,0,0,0,0,23.6
2,2,0,0,24.28,0,32,0,0,0,0
2,2,0,0,0,33,0,34,0,0,23.6
2,1,0,0,12.14,0,32,0,35,0,47.2
2,1,0,0,0,0,0,0,0,0,0
2,2,14.59,17.35,24.28,0,32,34,0,0,0
2,1,14.59,0,12.14,0,0,0,0,0,23.6
2,1,0,0,12.14,0,0,0,0,0,23.6
2,1,14.59,0,12.14,0,32,34,0,0,23.6
2,1,0,0,12.14,0,0,34,0,0,47.2
2,2,0,0,12.14,33,0,0,0,0,23.6
2,2,0,0,0,0,0,0,0,34,23.6
2,2,0,0,0,0,0,34,0,0,23.6
2,2,0,17.35,12.14,0,0,34,0,0,23.6
2,2,0,0,0,0,0,0,0,0,23.6
2,1,14.59,0,12.14,33,0,0,0,0,0
2,2,0,0,0,0,0,0,0,0,0
2,2,0,0,0,0,32,0,0,0,0
2,1,14.59,0,12.14,0,64,34,35,0,0
1,1,14.59,0,12.14,0,0,0,0,34,23.6
2,1,14.59,0,12.14,0,0,34,0,0,23.6
2,2,0,0,12.14,33,0,0,0,0,23.6
2,1,0,17.35,0,0,32,34,0,0,23.6
2,1,0,17.35,0,0,0,0,0,0,47.2
2,1,29.18,0,24.28,0,0,34,0,0,0
1,2,0,0,24.28,0,32,34,0,0,0
2,1,0,0,12.14,0,32,0,0,34,47.2
1,2,14.59,0,24.28,0,0,0,0,0,47.2
1,1,0,0,0,0,0,0,0,34,47.2
1,1,14.59,0,12.14,0,0,0,35,34,0
2,1,0,0,12.14,0,0,0,0,34,0
2,1,0,0,24.28,0,32,34,0,0,0
2,1,14.59,0,12.14,0,32,34,0,0,0
2,1,0,0,12.14,0,0,0,0,0,47.2
1,1,14.59,0,24.28,0,0,34,0,0,23.6
2,2,0,0,0,0,0,0,0,0,47.2
1,2,0,0,12.14,0,0,0,0,0,0
1,1,14.59,0,24.28,33,32,34,0,0,23.6
2,1,0,0,12.14,0,32,0,0,34,23.6
2,2,0,0,0,0,0,34,0,34,47.2
2,2,0,0,0,0,32,0,0,0,0
2,2,0,0,12.14,0,32,34,0,34,23.6
2,1,0,0,0,0,0,0,0,34,23.6
1,1,0,17.35,12.14,0,0,0,0,0,47.2
1,1,0,0,0,33,0,0,0,34,0
2,2,14.59,0,12.14,66,0,34,0,0,47.2
2,2,0,0,12.14,0,32,34,0,34,23.6
2,2,14.59,0,12.14,33,64,34,0,0,0
1,1,14.59,0,12.14,0,0,34,0,34,47.2
2,1,14.59,0,24.28,0,32,0,0,0,0
2,1,0,17.35,0,0,0,0,0,0,0
2,2,14.59,0,24.28,0,0,0,35,0,0
2,2,0,0,12.14,0,0,34,0,34,47.2
1,2,14.59,17.35,24.28,33,32,0,35,34,23.6
1,2,0,17.35,12.14,33,32,34,0,0,0
2,1,14.59,0,12.14,33,32,34,0,0,23.6
2,1,0,0,0,0,0,34,0,0,0
2,1,0,0,12.14,66,0,34,0,0,0
2,2,14.59,0,12.14,0,32,34,0,0,23.6
2,1,0,0,24.28,33,32,34,0,0,23.6
2,2,0,0,24.28,0,0,0,0,0,0
1,1,14.59,0,12.14,0,0,34,0,0,0
2,1,0,0,12.14,0,32,34,0,0,47.2
1,1,14.59,0,12.14,33,32,34,0,0,23.6
1,1,0,0,12.14,0,32,34,0,0,0
2,1,14.59,0,12.14,0,0,0,0,34,0
2,2,0,0,12.14,0,0,0,0,0,47.2
2,2,0,17.35,12.14,0,0,0,0,68,23.6
2,1,0,0,0,0,64,34,0,0,23.6
2,1,0,17.35,24.28,0,0,0,0,0,23.6
2,1,0,0,12.14,0,32,0,0,0,47.2
2,2,14.59,0,12.14,0,64,34,0,0,23.6
2,1,0,0,0,33,32,0,0,34,47.2
2,2,14.59,0,12.14,0,32,0,0,0,47.2
2,2,0,0,12.14,33,32,34,0,0,23.6
2,2,0,0,0,0,32,0,0,0,23.6
2,2,0,17.35,12.14,0,32,0,0,0,23.6
2,2,14.59,0,24.28,0,0,34,0,0,23.6
1,1,14.59,0,12.14,0,0,0,0,0,0
2,1,0,17.35,12.14,0,0,0,0,0,0
2,1,0,0,24.28,0,32,34,0,0,0
2,1,0,0,0,33,0,68,0,0,47.2
1,1,0,0,12.14,0,0,34,0,0,0
2,2,0,0,12.14,0,32,0,0,0,23.6
2,1,0,0,0,0,0,0,0,0,47.2
2,2,14.59,17.35,12.14,0,32,0,0,0,0
2,2,0,0,0,33,0,34,0,0,23.6
2,2,14.59,0,24.28,33,0,0,0,0,0
2,2,29.18,0,24.28,0,64,0,0,0,0
1,1,14.59,0,12.14,0,32,0,0,0,23.6
2,2,0,0,12.14,33,0,0,0,0,23.6
2,1,0,0,12.14,0,32,0,0,0,23.6
1,2,0,0,12.14,0,0,34,0,0,0
2,1,0,0,0,0,0,34,0,0,23.6
2,2,0,0,0,0,0,34,0,0,0
2,1,14.59,0,0,33,0,0,0,0,0
2,2,14.59,0,12.14,33,0,0,0,0,0
2,1,14.59,0,24.28,0,0,0,35,0,47.2
2,1,0,0,0,0,32,34,35,0,47.2
2,1,29.18,0,24.28,0,32,34,0,0,0
2,2,0,17.35,12.14,0,0,0,0,0,0
2,1,0,17.35,0,0,0,0,0,0,0
2,1,0,0,12.14,0,0,34,0,0,23.6
1,1,0,17.35,12.14,0,0,0,0,0,0
2,2,0,0,0,0,0,34,35,0,47.2
1,1,0,0,0,0,0,68,0,0,0
1,1,14.59,0,12.14,0,0,34,0,0,0
2,2,0,0,12.14,66,32,68,0,0,23.6
1,2,0,0,12.14,0,0,0,35,0,47.2
2,2,0,0,24.28,0,32,0,0,0,23.6
1,1,0,0,0,0,0,34,35,0,47.2
1,1,14.59,17.35,24.28,0,0,0,0,0,23.6
2,2,0,0,0,0,0,34,0,0,0
1,2,0,34.7,12.14,0,32,0,0,0,23.6
2,1,0,0,0,0,0,0,0,0,0
2,1,29.18,0,24.28,66,0,0,0,0,23.6
2,2,0,17.35,12.14,0,0,68,0,0,0
1,1,14.59,17.35,12.14,33,0,34,0,34,0
1,1,0,0,12.14,0,0,0,35,0,47.2
2,2,0,0,24.28,0,0,0,0,0,23.6
2,1,0,17.35,24.28,0,0,34,0,0,0
1,1,0,0,0,0,0,0,0,0,0
2,2,0,0,0,0,0,34,0,0,0
1,1,0,0,0,0,32,0,35,0,23.6
2,1,0,0,12.14,33,0,34,0,0,23.6
2,1,0,0,0,0,0,68,0,0,0
2,1,14.59,0,24.28,0,0,0,0,0,0
2,1,14.59,0,12.14,0,0,0,0,34,23.6
2,1,0,0,12.14,0,0,0,0,0,23.6
2,1,14.59,0,12.14,33,32,0,0,0,0
2,2,0,0,0,0,0,0,35,0,47.2
2,1,14.59,0,24.28,33,0,0,0,0,23.6
2,1,0,0,12.14,0,0,68,0,0,0
2,1,14.59,17.35,12.14,33,32,34,0,0,0
2,2,14.59,0,12.14,0,32,34,0,0,23.6
2,2,14.59,17.35,24.28,0,0,34,0,0,0
2,1,14.59,0,24.28,0,0,34,0,0,0
2,1,0,0,0,0,0,0,0,34,23.6
1,1,14.59,0,24.28,0,0,0,0,0,23.6
2,1,0,17.35,0,0,0,0,35,0,0
2,1,0,17.35,12.14,33,32,0,0,0,0
2,1,14.59,0,12.14,0,0,0,0,0,23.6
1,1,0,0,0,0,0,0,0,34,23.6
1,2,0,0,0,0,0,0,0,34,0
1,2,14.59,0,12.14,33,0,34,0,0,23.6
1,2,0,0,0,0,32,0,0,0,0
2,1,0,0,0,0,32,0,0,0,0
2,1,0,0,24.28,33,64,34,0,0,0
2,1,0,0,0,0,0,68,0,0,0
2,1,0,17.35,24.28,0,32,34,35,0,23.6
1,1,29.18,0,12.14,0,32,68,0,0,23.6
2,1,0,0,24.28,0,0,0,35,0,23.6
2,1,0,0,24.28,0,32,0,35,0,23.6
1,1,29.18,0,24.28,33,0,0,0,0,0
1,1,14.59,0,12.14,0,64,34,0,0,23.6
2,2,14.59,0,24.28,0,0,68,0,0,23.6
2,2,14.59,0,24.28,33,32,68,0,34,0
2,2,0,0,12.14,0,0,34,0,0,0
1,1,0,17.35,24.28,0,32,0,0,0,47.2
1,2,0,17.35,12.14,33,0,34,0,0,23.6
2,1,14.59,0,12.14,33,32,0,70,0,0
2,2,0,17.35,12.14,0,0,0,0,0,47.2
2,2,0,0,0,33,0,34,0,0,23.6
2,2,0,0,0,0,0,34,0,0,0
1,2,0,0,0,0,0,34,0,0,23.6
1,2,0,17.35,24.28,0,32,34,0,0,23.6
2,2,0,17.35,0,0,0,0,0,0,23.6
1,2,14.59,0,12.14,0,0,0,35,0,0
2,2,0,0,0,0,0,0,0,34,23.6
2,1,0,17.35,0,33,64,34,0,0,47.2
1,1,0,0,24.28,0,32,0,0,0,23.6
2,2,0,0,12.14,0,0,34,0,0,47.2
2,2,0,0,0,0,0,68,35,0,23.6
2,2,0,17.35,0,33,32,0,0,0,23.6
2,2,0,0,12.14,0,0,0,0,0,23.6
2,2,14.59,0,12.14,0,32,0,70,0,0
2,1,14.59,0,12.14,0,32,0,0,0,23.6
2,1,0,0,24.28,0,0,0,0,34,23.6
2,2,14.59,0,12.14,0,64,34,0,0,23.6
1,2,0,0,12.14,0,0,34,0,0,0
2,2,0,0,0,0,0,0,0,0,23.6
2,2,0,0,0,0,0,0,0,0,0
2,2,14.59,0,12.14,0,0,0,0,0,0
2,2,0,17.35,12.14,0,0,34,0,0,23.6
2,2,14.59,0,12.14,0,32,34,35,0,0
2,2,14.59,17.35,12.14,0,32,0,0,0,23.6
2,2,0,0,24.28,0,0,0,0,34,23.6
2,1,14.59,0,12.14,33,0,0,0,0,47.2
2,2,0,0,12.14,0,32,0,0,0,0
2,2,0,17.35,12.14,0,32,0,35,34,0
2,2,14.59,0,12.14,66,32,0,0,0,23.6
2,2,0,0,12.14,0,32,34,0,0,23.6
1,2,0,17.35,12.14,0,0,0,0,0,23.6
2,1,14.59,0,24.28,0,32,0,35,0,0
1,1,14.59,0,24.28,33,0,34,0,0,47.2
2,1,14.59,0,12.14,0,0,0,0,0,0
1,1,0,0,0,0,0,0,0,0,23.6
2,2,0,0,0,0,32,68,0,0,0
1,1,14.59,0,24.28,0,32,34,0,0,0
2,1,29.18,0,24.28,33,32,0,0,0,23.6
1,1,0,0,12.14,0,0,34,0,0,47.2
1,2,14.59,0,12.14,33,0,0,0,0,23.6
2,2,0,0,0,0,0,68,0,0,0
2,1,0,0,0,0,0,34,0,0,0
2,1,0,17.35,0,33,32,0,0,0,23.6
2,1,29.18,0,24.28,33,0,0,35,0,23.6
2,1,14.59,0,12.14,0,0,0,0,0,0
1,1,0,0,12.14,0,0,0,0,0,23.6
1,1,0,0,12.14,0,0,34,35,0,23.6
2,1,14.59,17.35,12.14,0,0,0,70,0,23.6
2,2,14.59,0,12.14,0,0,0,0,0,0
1,1,0,0,0,0,0,0,0,0,0
1,1,0,0,12.14,0,32,0,0,0,0
1,1,0,17.35,0,0,0,34,0,0,23.6
2,1,0,17.35,24.28,0,0,0,0,34,23.6
2,1,14.59,0,24.28,0,32,34,0,0,47.2
1,2,0,0,12.14,0,0,34,0,0,23.6
2,1,14.59,0,0,0,0,0,35,0,23.6
2,2,0,0,0,0,32,34,0,0,0
1,2,0,0,0,0,0,34,0,0,0
1,2,0,0,12.14,0,0,34,0,0,0
2,1,29.18,0,24.28,0,32,0,0,0,23.6
2,2,0,0,12.14,33,0,0,0,0,23.6
1,1,14.59,0,12.14,0,0,0,0,0,0
2,1,0,0,12.14,0,0,34,0,0,23.6
2,1,14.59,0,12.14,0,32,0,0,0,0
2,1,14.59,0,12.14,0,0,34,0,34,23.6
2,2,14.59,17.35,12.14,66,0,34,0,34,0
2,2,14.59,17.35,12.14,0,32,0,0,0,23.6
2,2,0,0,0,33,32,0,0,0,23.6
2,1,0,0,12.14,0,0,34,0,0,23.6
2,1,14.59,0,12.14,0,32,0,0,0,0
1,1,0,0,0,0,0,0,0,0,23.6
2,2,0,17.35,24.28,0,0,34,0,0,47.2
2,2,0,0,12.14,0,0,34,0,0,0
1,2,0,0,12.14,0,32,34,35,34,0
2,2,0,0,12.14,0,0,0,0,0,23.6
1,2,0,0,0,0,0,0,0,34,0
2,2,0,17.35,12.14,0,0,34,0,0,0
1,1,0,0,0,0,0,34,0,0,0
1,2,0,17.35,0,33,0,0,0,0,23.6
2,2,14.59,0,24.28,0,0,0,0,0,0
2,1,0,0,24.28,33,0,0,35,0,0
2,2,14.59,0,12.14,0,0,0,35,0,23.6
1,1,0,17.35,12.14,0,0,34,0,0,47.2
1,2,14.59,0,12.14,0,0,34,0,0,23.6
2,1,29.18,0,24.28,0,0,34,0,0,0
2,2,0,0,0,0,32,34,0,0,23.6
1,2,14.59,0,12.14,0,32,34,0,0,23.6
2,2,0,0,12.14,33,0,34,35,0,23.6
1,2,0,17.35,12.14,33,0,0,0,0,47.2
2,2,0,0,0,0,0,34,0,34,0
2,2,14.59,0,12.14,0,0,0,0,0,23.6
1,2,14.59,0,12.14,0,32,0,0,0,0
2,2,0,0,12.14,0,0,0,0,0,23.6
2,1,14.59,0,12.14,0,32,0,0,0,0
1,1,0,0,12.14,0,0,0,0,34,23.6
2,1,0,17.35,0,33,0,34,0,0,47.2
2,2,0,0,0,0,0,34,0,34,23.6
2,2,0,0,12.14,0,32,0,0,0,23.6
2,2,0,0,0,33,32,0,0,0,23.6
2,2,0,0,0,0,32,34,0,0,0
2,2,0,0,12.14,33,0,0,0,0,23.6
2,1,0,17.35,0,33,32,0,0,0,23.6
1,2,0,0,12.14,0,0,34,35,0,23.6
1,1,0,0,12.14,33,32,34,0,0,23.6
2,1,14.59,0,12.14,0,0,0,0,0,23.6
1,1,0,17.35,24.28,33,0,34,0,0,0
1,2,0,17.35,0,0,32,34,35,0,23.6
1,2,14.59,0,12.14,33,64,0,0,0,23.6
2,2,0,34.7,0,33,32,34,0,0,0
1,2,14.59,0,12.14,33,0,34,0,0,47.2
2,2,0,0,0,0,32,0,0,0,0
2,2,0,34.7,0,0,0,0,0,0,23.6
1,2,14.59,17.35,12.14,0,0,34,0,0,0
2,2,14.59,0,24.28,0,32,0,0,0,23.6
1,2,0,34.7,0,0,0,0,0,0,23.6
1,2,14.59,0,12.14,33,0,0,0,0,23.6
2,2,0,17.35,0,0,0,0,35,0,23.6
2,2,0,0,0,0,32,34,0,0,0
2,1,0,0,12.14,0,0,34,0,34,23.6
2,2,14.59,0,24.28,0,0,68,0,0,0
2,1,0,0,12.14,0,32,0,0,0,0
2,1,0,0,0,33,0,0,0,0,0
1,1,14.59,0,12.14,33,0,0,0,0,0
2,1,0,0,12.14,33,0,34,0,0,0
2,2,14.59,0,12.14,33,0,34,0,0,0
2,1,14.59,0,12.14,0,32,34,0,0,47.2
1,2,0,17.35,12.14,33,0,0,0,0,23.6
2,2,0,0,12.14,0,32,0,0,0,23.6
2,2,0,17.35,0,33,0,0,0,0,0
2,1,14.59,0,12.14,0,32,34,0,0,0
1,2,0,17.35,0,0,32,0,0,0,23.6
2,2,0,17.35,12.14,0,32,0,0,0,0
1,1,0,0,0,0,0,34,0,0,0
2,1,14.59,17.35,12.14,33,32,34,0,0,23.6
2,2,14.59,0,12.14,0,32,0,0,0,0
2,2,14.59,0,12.14,33,0,34,0,0,0
2,2,14.59,0,12.14,0,0,0,0,0,0
2,2,29.18,0,12.14,0,32,0,0,0,0
1,2,0,0,12.14,0,0,0,35,0,23.6
2,1,0,0,24.28,33,0,68,0,0,23.6
2,1,0,0,12.14,0,0,0,0,0,0
2,1,0,0,0,0,0,0,0,0,0
2,2,0,0,0,33,0,34,0,0,0
2,1,0,0,12.14,0,0,0,35,34,23.6
2,2,14.59,0,12.14,0,0,0,70,0,0
1,1,0,0,12.14,33,0,68,0,0,47.2
1,2,14.59,0,12.14,33,0,0,0,0,0
2,2,14.59,0,24.28,33,0,0,0,0,0
2,2,0,0,12.14,0,0,68,0,0,0
2,1,0,0,0,0,0,0,0,0,0
1,2,0,0,12.14,0,0,0,0,0,47.2
1,1,29.18,0,24.28,0,0,0,0,0,23.6
2,2,14.59,17.35,12.14,0,0,0,0,0,0
1,2,14.59,0,12.14,0,0,0,35,0,0
2,1,0,17.35,12.14,0,32,0,0,0,23.6
1,2,0,0,12.14,0,0,0,0,0,0
1,2,0,0,0,0,0,0,0,0,23.6
1,1,14.59,0,12.14,0,32,0,0,34,23.6
2,1,0,0,12.14,0,32,0,0,0,23.6
2,2,14.59,0,24.28,33,0,34,0,0,23.6
2,2,0,0,12.14,0,0,0,0,0,47.2
2,2,0,0,12.14,0,0,34,0,0,0
1,1,0,0,24.28,0,0,34,0,0,0
2,2,14.59,0,24.28,0,32,68,0,0,0
2,1,14.59,0,12.14,0,0,0,0,0,0
2,1,14.59,0,24.28,0,0,0,0,34,0
2,2,0,17.35,0,33,0,34,0,0,0
2,1,14.59,0,24.28,0,0,68,35,0,23.6
2,1,0,17.35,0,0,0,0,35,34,23.6
2,2,14.59,0,12.14,0,32,34,0,0,0
2,2,0,0,0,0,0,34,0,34,0
2,1,14.59,0,12.14,0,0,0,0,0,23.6
1,2,0,17.35,0,0,0,34,0,0,23.6
1,2,14.59,0,24.28,0,32,34,0,34,23.6
2,2,0,17.35,0,0,0,34,70,0,0
1,1,0,0,24.28,0,32,0,0,0,0
2,1,14.59,0,12.14,0,0,34,0,0,23.6
1,1,14.59,0,12.14,0,0,68,0,0,47.2
1,2,0,17.35,0,0,0,0,0,0,0
2,2,0,17.35,0,0,0,0,0,0,0
2,2,0,0,12.14,33,0,68,0,0,23.6
2,2,0,0,12.14,0,0,34,35,0,23.6
1,1,14.59,0,12.14,0,32,34,35,0,0
1,2,0,0,12.14,0,0,0,0,0,0
2,2,0,0,12.14,0,0,34,0,0,23.6
2,1,14.59,0,12.14,33,32,0,0,0,23.6
2,2,0,0,12.14,33,0,34,70,0,0
2,1,0,0,0,0,32,0,0,0,0
2,1,0,0,12.14,0,32,34,0,0,23.6
1,1,0,0,12.14,33,32,34,0,0,0
1,1,0,0,24.28,0,0,34,0,0,23.6
2,1,14.59,0,12.14,0,0,0,0,0,23.6
2,2,14.59,17.35,12.14,0,0,0,0,0,23.6
2,1,14.59,0,12.14,0,64,0,0,0,23.6
1,2,0,17.35,0,0,0,34,0,0,0
2,2,0,0,24.28,33,32,34,0,0,23.6
2,2,0,0,0,0,0,68,0,0,23.6
2,2,0,0,0,0,0,34,0,34,23.6
2,2,14.59,17.35,12.14,33,0,0,0,0,23.6
2,2,14.59,0,12.14,66,0,0,0,0,23.6
1,1,0,0,0,0,32,34,0,0,47.2
2,1,14.59,0,24.28,0,32,0,0,0,23.6
2,2,0,0,12.14,0,0,34,0,0,23.6
2,2,14.59,0,12.14,33,0,0,0,0,23.6
2,1,0,0,24.28,0,32,34,0,0,0
2,2,0,0,12.14,0,32,0,0,0,23.6
1,2,14.59,0,24.28,0,32,34,0,0,23.6
2,2,0,17.35,0,0,0,34,0,0,0
2,2,14.59,17.35,12.14,0,32,0,0,34,23.6
1,1,0,0,12.14,0,0,34,0,0,0
2,1,29.18,0,24.28,0,0,34,0,0,0
2,2,0,0,12.14,33,0,0,0,34,23.6
1,2,14.59,0,12.14,33,32,34,35,0,0
2,2,14.59,0,12.14,0,0,0,0,34,23.6
2,2,0,0,0,0,0,34,0,0,23.6
1,2,0,17.35,12.14,0,0,34,0,0,0
1,1,14.59,0,12.14,0,0,34,0,0,0
2,1,0,0,0,33,0,0,0,34,23.6
2,1,0,17.35,12.14,0,0,34,0,0,23.6
1,2,14.59,0,12.14,33,0,34,0,0,23.6
1,2,0,0,12.14,0,0,34,0,34,0
2,2,14.59,0,12.14,0,0,0,0,0,23.6
2,1,0,17.35,12.14,0,32,0,0,34,0
2,2,14.59,0,24.28,0,0,0,0,0,0
2,1,0,0,12.14,0,0,34,0,34,23.6
2,2,0,0,0,0,0,34,0,0,23.6
1,1,0,0,12.14,0,0,0,0,0,23.6
1,1,0,0,0,0,0,68,0,34,23.6
1,2,14.59,17.35,12.14,0,0,34,0,0,23.6
2,2,0,0,12.14,0,32,0,0,0,23.6
2,2,0,0,12.14,33,0,0,0,0,0
2,2,0,17.35,12.14,0,0,0,0,0,23.6
2,2,0,17.35,0,0,0,34,0,0,23.6
1,1,0,17.35,0,0,0,0,0,0,0
2,1,0,17.35,12.14,0,64,0,0,0,23.6
2,2,29.18,0,12.14,33,0,68,0,0,23.6
2,2,0,17.35,0,0,0,0,0,0,0
2,2,0,0,12.14,33,0,0,0,0,23.6
1,2,14.59,0,12.14,0,0,0,0,0,0
2,1,0,0,12.14,33,32,34,0,0,0
2,1,0,17.35,24.28,0,0,34,0,0,23.6
1,1,0,0,24.28,0,0,0,0,34,0
1,1,14.59,0,12.14,0,0,34,0,0,0
2,2,0,34.7,12.14,0,32,0,0,34,0
1,2,0,17.35,0,0,0,0,0,34,0
1,1,0,34.7,12.14,0,64,0,0,34,23.6
2,1,0,0,12.14,0,0,34,0,0,47.2
2,2,0,0,12.14,0,0,34,0,0,0
2,2,14.59,0,24.28,0,0,0,0,0,0
2,1,14.59,0,24.28,0,0,34,0,0,0
2,1,0,17.35,24.28,0,32,0,0,34,23.6
2,1,0,17.35,0,0,32,34,0,0,23.6
1,2,0,0,0,0,0,34,0,0,47.2
2,1,0,0,12.14,0,0,0,0,0,23.6
2,2,14.59,0,24.28,0,32,0,0,0,0
2,1,14.59,0,12.14,0,32,34,0,0,47.2
1,2,0,17.35,0,0,0,34,0,34,0
1,1,0,17.35,12.14,0,32,0,0,0,47.2
2,2,14.59,0,24.28,0,32,34,35,0,0
2,2,0,17.35,12.14,0,32,34,0,0,47.2
2,1,0,0,24.28,0,32,0,0,0,23.6
2,1,14.59,0,24.28,33,0,68,0,0,23.6
2,1,0,0,24.28,0,32,0,0,0,47.2
1,1,0,34.7,0,0,32,34,0,0,23.6
2,2,14.59,17.35,12.14,0,0,0,0,0,47.2
2,2,14.59,0,24.28,0,0,34,0,0,23.6
1,1,0,0,0,0,0,0,0,0,0
2,1,0,0,12.14,0,32,0,0,0,0
2,1,14.59,17.35,12.14,0,32,68,0,0,0
2,1,0,17.35,0,0,0,0,0,0,0
2,1,29.18,0,24.28,0,0,0,0,0,47.2
2,2,0,0,0,0,0,0,0,0,23.6
1,1,14.59,0,24.28,33,0,0,0,34,23.6
2,2,0,0,0,0,0,34,0,0,23.6
2,2,14.59,0,24.28,33,0,34,0,0,23.6
1,1,0,17.35,0,0,0,0,0,0,0
2,1,0,34.7,0,0,32,68,0,0,0
2,2,14.59,17.35,12.14,33,0,34,0,0,0
2,2,0,17.35,0,0,0,0,0,34,0
2,1,14.59,0,12.14,0,0,0,0,0,23.6
2,2,0,0,12.14,0,0,0,35,0,0
2,1,0,17.35,0,0,0,34,0,0,23.6
2,2,0,34.7,12.14,0,32,0,0,34,23.6
2,2,0,0,12.14,0,0,0,0,68,23.6
1,2,0,17.35,12.14,33,0,34,0,0,0
1,1,0,17.35,12.14,0,0,0,0,34,0
2,2,0,17.35,0,0,32,0,0,0,23.6
2,1,14.59,0,12.14,33,0,0,0,0,23.6
2,1,0,0,0,0,32,0,0,0,0
1,1,14.59,0,12.14,0,32,34,0,34,0
2,2,14.59,17.35,12.14,0,32,34,0,34,0
2,2,0,0,12.14,0,0,0,35,0,0
2,2,0,0,0,0,0,0,0,0,23.6
1,2,0,0,0,0,0,34,0,0,0
2,1,14.59,0,12.14,0,32,0,0,0,23.6
2,1,0,0,0,0,32,34,0,0,0
2,2,14.59,0,12.14,0,0,34,35,0,0
2,2,0,17.35,12.14,33,0,0,0,0,0
2,2,0,0,0,33,32,34,0,34,23.6
1,2,0,0,24.28,33,0,34,0,0,47.2
2,2,0,0,12.14,0,0,0,0,0,0
1,2,0,0,0,0,0,34,0,0,23.6
2,2,0,0,12.14,0,0,0,0,0,0
2,1,0,0,12.14,0,0,0,0,0,0
2,1,0,0,0,33,0,0,0,34,0
1,2,0,0,0,0,0,68,0,0,23.6
1,1,14.59,0,24.28,0,0,0,35,34,0
1,2,14.59,17.35,12.14,0,0,34,0,34,0
2,2,29.18,0,24.28,0,0,34,0,34,23.6
2,2,0,34.7,0,0,0,0,0,0,0
2,2,0,17.35,24.28,33,32,0,70,34,0
2,1,29.18,0,24.28,33,0,68,0,0,0
2,1,0,0,12.14,0,32,0,0,0,23.6
2,2,0,34.7,0,33,32,0,35,34,0
2,1,0,0,0,0,32,0,0,0,23.6
1,1,14.59,17.35,12.14,0,32,34,0,34,0
2,1,14.59,0,12.14,0,0,34,35,0,23.6
2,2,0,0,0,0,32,0,0,0,0
2,2,0,17.35,0,33,0,0,0,0,47.2
2,2,0,17.35,12.14,0,0,34,0,0,23.6
1,2,0,0,0,33,0,0,0,0,47.2
2,2,14.59,0,12.14,0,32,0,0,0,0
2,2,0,0,12.14,33,32,0,0,0,0
2,2,0,17.35,0,0,0,34,0,0,0
2,2,0,0,12.14,0,32,0,0,0,0
2,2,0,0,0,0,32,0,0,0,23.6
1,2,14.59,17.35,12.14,0,32,0,0,0,0
2,1,14.59,0,24.28,0,32,34,0,0,0
1,2,0,0,12.14,0,0,34,0,0,0
2,1,0,0,12.14,0,0,34,0,0,23.6
2,2,0,17.35,12.14,0,32,0,0,34,23.6
2,2,14.59,17.35,12.14,0,0,34,0,0,47.2
2,2,14.59,0,12.14,33,32,0,0,0,0
1,1,14.59,0,12.14,33,0,68,0,34,23.6
1,2,0,0,0,0,32,0,35,34,0
1,2,0,0,0,0,32,0,0,34,23.6
2,1,14.59,0,12.14,0,0,68,0,0,0
2,1,14.59,0,12.14,0,0,0,0,0,47.2
2,2,29.18,0,24.28,0,32,0,0,0,23.6
1,1,0,0,12.14,0,32,0,0,0,23.6
2,2,0,0,24.28,0,32,34,0,0,23.6
2,1,0,17.35,0,0,0,34,35,34,23.6
2,1,0,0,24.28,0,0,0,35,0,0
2,2,0,0,24.28,0,0,34,0,0,0
1,1,0,17.35,12.14,0,0,0,0,0,0
2,2,0,0,12.14,0,32,34,0,34,0
2,1,14.59,0,12.14,33,0,0,0,0,23.6
1,1,0,0,0,0,0,0,35,0,23.6
2,2,0,17.35,0,33,0,0,35,0,0
2,2,0,17.35,0,33,0,0,0,34,0
2,2,0,0,0,0,32,34,0,0,47.2
2,2,14.59,0,12.14,0,0,34,0,0,0
2,2,0,0,12.14,0,0,0,0,0,0
2,1,0,0,12.14,0,0,34,0,0,23.6
1,2,0,0,0,33,32,34,0,0,0
1,1,0,0,12.14,0,0,34,0,0,23.6
2,1,0,0,24.28,0,0,34,0,34,0
2,1,14.59,0,12.14,33,0,0,35,0,0
2,2,14.59,0,24.28,0,0,0,35,0,47.2
2,2,14.59,0,12.14,0,0,0,0,0,0
2,2,14.59,0,24.28,0,0,0,0,0,23.6
1,1,0,0,24.28,0,0,34,0,0,23.6
2,1,14.59,0,12.14,33,0,34,0,0,0
2,2,0,0,0,0,32,0,0,0,0
2,2,29.18,0,24.28,0,32,68,0,0,23.6
2,1,14.59,0,24.28,0,0,0,0,0,0
1,2,0,0,12.14,0,32,0,35,0,23.6
2,2,0,0,12.14,0,32,0,0,0,47.2
1,1,0,0,0,0,0,34,0,0,0
2,2,14.59,0,24.28,0,0,0,0,0,23.6
2,2,0,0,24.28,0,32,0,0,0,0
2,2,14.59,0,12.14,0,0,34,0,34,0
1,1,0,0,12.14,0,0,0,0,0,23.6
2,1,0,0,0,0,0,34,0,34,23.6
2,2,14.59,17.35,12.14,0,64,0,35,0,23.6
1,1,0,0,12.14,0,0,0,0,0,0
1,1,0,0,12.14,33,0,0,0,0,0
1,1,29.18,0,24.28,0,32,68,0,0,23.6
1,1,14.59,0,24.28,0,32,0,0,0,23.6
2,1,14.59,0,12.14,0,32,0,35,0,0
1,1,0,0,12.14,33,32,34,0,34,23.6
1,1,14.59,0,24.28,0,0,0,0,0,47.2
1,1,14.59,17.35,24.28,0,0,0,0,0,0
1,1,14.59,17.35,12.14,0,32,68,0,34,23.6
2,2,0,0,24.28,0,32,0,0,0,23.6
2,2,0,0,0,0,0,0,35,34,0
2,2,0,0,0,0,0,0,35,34,23.6
1,1,14.59,0,12.14,0,0,0,0,0,0
1,1,29.18,0,12.14,0,0,0,0,0,0
2,2,0,0,12.14,33,0,0,0,0,0
2,2,0,17.35,24.28,0,0,0,0,0,23.6
2,2,0,0,0,0,0,68,0,34,23.6
2,2,0,0,0,0,0,0,0,0,23.6
2,2,0,0,12.14,0,0,34,35,0,0
1,1,14.59,0,0,0,0,34,0,0,47.2
2,2,0,0,12.14,0,32,34,0,0,23.6
1,2,0,0,0,0,0,0,0,0,0
2,1,14.59,0,12.14,33,0,0,0,34,0
2,1,14.59,0,12.14,33,0,0,0,0,0
2,1,0,0,12.14,0,0,0,0,0,23.6
2,1,0,0,12.14,0,0,0,0,0,0
2,1,0,0,12.14,0,32,34,0,0,0
1,2,0,17.35,0,0,32,34,0,0,0
1,1,14.59,0,12.14,33,0,34,0,0,23.6
2,2,14.59,0,12.14,0,0,0,0,0,0
2,1,0,0,12.14,0,0,34,0,0,0
2,2,0,17.35,0,33,0,34,0,0,0
2,1,0,0,12.14,0,32,34,0,0,0
2,2,0,0,0,33,0,0,0,0,23.6
2,1,14.59,17.35,12.14,33,32,34,0,0,47.2
2,1,14.59,0,12.14,0,32,34,35,0,0
2,2,0,0,0,0,0,34,0,0,0
2,2,14.59,0,24.28,0,64,0,0,0,23.6
2,2,14.59,0,24.28,0,0,34,0,0,0
1,2,0,17.35,0,0,0,0,0,0,0
1,2,14.59,0,12.14,0,0,0,35,0,23.6
2,1,0,0,12.14,0,0,0,0,0,0
2,2,0,0,12.14,0,0,0,0,34,0
2,2,14.59,17.35,24.28,0,32,0,0,0,47.2
2,2,14.59,0,12.14,33,32,0,0,0,0
1,2,0,0,12.14,0,0,0,0,0,47.2
2,1,14.59,0,12.14,0,0,0,0,0,0
2,2,0,0,12.14,0,0,34,0,0,47.2
2,2,0,0,24.28,0,32,0,0,0,0
1,2,14.59,0,12.14,0,0,34,35,34,0
1,2,0,0,12.14,0,0,34,0,0,23.6
1,2,0,0,12.14,33,0,0,0,0,0
2,2,29.18,0,24.28,0,32,0,0,0,23.6
2,2,0,0,12.14,0,32,34,0,0,23.6
1,2,0,17.35,12.14,0,0,0,0,0,0
1,2,0,17.35,12.14,0,0,0,0,0,0
2,1,14.59,0,24.28,0,32,34,0,34,23.6
1,2,0,0,0,0,32,0,0,0,0
2,1,29.18,0,24.28,0,0,0,0,0,0
2,1,14.59,0,12.14,0,0,0,0,0,0
1,1,0,0,12.14,33,32,0,0,0,23.6
